STC_Date,STC_Open,STC_High,STC_Low,STC_Close
2012-03-11,41.4,41.7,41.2,41.6
2012-04-11,41.5,41.7,41.4,41.6
2012-05-11,41.6,41.6,41.2,41.3
2012-06-11,41.4,42.1,41.3,42.1
2012-07-11,42.1,42.4,42.0,42.3
2012-10-11,42.1,42.1,41.7,41.9
2012-11-11,41.9,42.0,41.7,41.7
2012-12-11,41.7,41.7,41.6,41.7
2012-11-13,41.7,41.7,41.1,41.5
2012-11-14,41.5,41.5,41.1,41.4
2012-11-17,41.3,41.3,41.0,41.2
2012-11-18,40.9,41.2,40.8,41.1
2012-11-19,41.1,41.1,39.9,40.4
2012-11-20,40.5,40.8,40.1,40.6
2012-11-21,40.5,40.5,40.0,40.2
2012-11-24,40.2,40.7,40.1,40.5
2012-11-25,40.5,40.5,39.9,40.1
2012-11-26,40.1,40.6,39.5,40.5
2012-11-27,40.5,40.5,40.0,40.1
2012-11-28,40.0,40.3,40.0,40.3
2012-01-12,40.5,41.1,40.5,41.0
2012-02-12,41.1,41.1,40.7,40.9
2012-03-12,40.9,40.9,40.7,40.8
2012-04-12,40.8,41.0,40.7,41.0
2012-05-12,40.9,40.9,40.7,40.9
2012-08-12,40.9,41.2,40.8,41.0
2012-09-12,41.1,41.2,41.0,41.2
2012-10-12,41.1,41.3,41.0,41.2
2012-11-12,41.2,41.6,41.2,41.6
2012-12-12,41.6,41.6,41.3,41.5
2012-12-15,41.5,42.8,41.5,42.5
2012-12-16,42.5,42.9,42.4,42.7
2012-12-17,42.6,43.0,42.4,42.8
2012-12-18,42.9,43.0,42.7,42.8
2012-12-19,42.8,43.0,42.5,42.8
2012-12-22,42.8,43.2,42.5,43.1
2012-12-23,43.0,43.7,43.0,43.7
2012-12-24,43.6,44.5,43.6,44.1
2012-12-25,44.0,44.6,44.0,44.1
2012-12-26,44.1,44.2,43.5,43.7
2012-12-29,43.6,43.9,43.6,43.8
2012-12-30,43.7,43.7,43.2,43.3
2012-12-31,43.3,43.5,43.0,43.3
2013-01-01,43.5,43.6,43.2,43.4
2013-02-01,43.5,43.8,43.4,43.7
2013-05-01,43.7,44.8,43.7,44.6
2013-06-01,44.6,45.8,44.5,45.6
2013-07-01,45.6,45.7,45.4,45.6
2013-08-01,45.5,46.2,45.5,46.0
2013-09-01,46.1,46.5,46.0,46.0
2013-12-01,46.0,46.3,46.0,46.1
2013-01-13,46.0,46.0,45.3,45.6
2013-01-14,45.6,45.6,44.0,44.1
2013-01-15,44.0,44.0,42.9,43.3
2013-01-16,43.1,43.4,43.1,43.3
2013-01-19,43.2,44.4,43.2,44.3
2013-01-20,44.2,44.2,43.8,44.0
2013-01-21,40.2,41.4,40.2,40.6
2013-01-22,40.7,41.2,40.3,41.0
2013-01-23,41.0,41.0,40.5,40.9
2013-01-26,40.7,42.0,40.7,41.8
2013-01-27,41.8,42.1,41.5,41.8
2013-01-28,41.6,41.6,41.0,41.2
2013-01-29,41.3,41.4,41.0,41.0
2013-01-30,41.1,41.2,40.7,40.9
2013-02-02,41.0,41.1,40.8,41.0
2013-03-02,41.0,41.1,40.9,41.0
2013-04-02,41.0,41.0,40.8,40.8
2013-05-02,40.8,40.8,40.5,40.6
2013-06-02,40.8,40.9,39.9,39.9
2013-09-02,40.0,40.4,39.8,40.1
2013-10-02,40.0,40.3,39.8,40.0
2013-11-02,40.0,40.1,39.8,39.9
2013-12-02,39.9,40.0,39.8,40.0
2013-02-13,40.0,40.3,39.8,40.3
2013-02-16,40.3,40.9,40.1,40.8
2013-02-17,40.8,41.0,40.6,40.7
2013-02-18,40.7,40.7,40.0,40.5
2013-02-19,40.4,40.8,40.2,40.3
2013-02-20,40.4,40.6,40.3,40.3
2013-02-23,40.3,40.9,40.3,40.5
2013-02-24,40.4,40.5,40.3,40.4
2013-02-25,40.5,40.5,40.0,40.2
2013-02-26,40.1,40.1,39.9,40.0
2013-02-27,40.0,40.2,39.9,40.0
2013-02-03,40.1,40.1,39.9,40.1
2013-03-03,40.0,40.0,39.7,39.8
2013-04-03,39.9,39.9,39.4,39.6
2013-05-03,39.7,39.9,39.6,39.8
2013-06-03,39.8,40.2,39.8,40.1
2013-09-03,40.2,40.7,40.1,40.4
2013-10-03,40.5,40.6,40.2,40.4
2013-11-03,40.5,40.8,40.5,40.5
2013-12-03,40.4,40.5,40.2,40.3
2013-03-13,40.2,40.7,40.2,40.6
2013-03-16,40.7,41.0,40.5,40.8
2013-03-17,40.3,40.3,39.8,40.0
2013-03-18,39.9,39.9,39.1,39.4
2013-03-19,39.4,39.6,39.3,39.5
2013-03-20,39.5,39.6,39.3,39.4
2013-03-23,39.5,39.5,38.9,39.1
2013-03-24,39.2,39.4,39.1,39.4
2013-03-25,39.3,39.6,39.3,39.6
2013-03-26,39.6,39.7,39.4,39.6
2013-03-27,39.6,39.6,39.3,39.6
2013-03-30,39.5,39.6,39.1,39.3
2013-03-31,39.3,39.3,39.0,39.2
2013-01-04,39.2,39.5,39.0,39.5
2013-02-04,39.2,39.2,39.0,39.0
2013-03-04,39.0,39.1,38.9,39.0
2013-06-04,39.0,39.0,38.8,38.9
2013-07-04,38.9,39.0,38.8,38.9
2013-08-04,39.0,39.1,38.7,39.0
2013-09-04,39.1,39.2,39.0,39.2
2013-10-04,39.1,39.6,39.1,39.3
2013-04-13,39.3,39.5,38.8,38.9
2013-04-14,38.9,39.0,38.8,39.0
2013-04-15,38.9,39.0,38.7,38.8
2013-04-16,38.8,38.9,38.6,38.9
2013-04-17,39.0,39.0,38.6,38.8
2013-04-20,38.8,39.1,38.7,39.0
2013-04-21,39.0,39.1,38.6,38.9
2013-04-22,38.4,38.7,38.2,38.7
2013-04-23,38.7,39.2,38.6,39.0
2013-04-24,39.2,39.2,38.8,38.9
2013-04-27,38.6,38.7,38.5,38.6
2013-04-28,38.7,39.1,38.5,39.1
2013-04-29,39.0,39.1,38.8,39.1
2013-04-30,39.1,39.1,38.7,38.9
2013-01-05,38.9,39.0,38.8,38.9
2013-04-05,39.0,39.0,38.9,39.0
2013-05-05,39.0,39.4,38.9,39.2
2013-06-05,39.2,39.2,39.0,39.0
2013-07-05,39.0,39.2,39.0,39.2
2013-08-05,39.3,39.4,39.0,39.3
2013-11-05,39.3,40.0,39.2,39.8
2013-12-05,39.8,40.0,39.4,39.7
2013-05-13,39.7,39.7,39.2,39.2
2013-05-14,39.2,39.8,39.2,39.6
2013-05-15,39.4,39.7,39.3,39.7
2013-05-18,39.6,40.1,39.6,39.9
2013-05-19,40.1,40.5,39.7,40.4
2013-05-20,40.4,40.7,40.4,40.6
2013-05-21,40.6,40.8,40.5,40.6
2013-05-22,40.6,41.1,40.6,40.9
2013-05-25,40.8,41.3,40.7,41.2
2013-05-26,41.3,41.3,41.0,41.2
2013-05-27,41.1,41.6,41.1,41.5
2013-05-28,41.5,42.5,41.4,42.0
2013-05-29,42.0,42.3,42.0,42.1
2013-01-06,41.5,42.5,41.5,42.4
2013-02-06,42.2,43.2,42.2,42.9
2013-03-06,42.9,43.1,42.7,42.7
2013-04-06,42.9,42.9,42.0,42.5
2013-05-06,42.3,43.0,42.1,42.8
2013-08-06,42.8,42.9,41.8,41.9
2013-09-06,41.9,42.0,41.3,41.4
2013-10-06,41.5,41.5,41.2,41.4
2013-11-06,41.4,41.4,40.8,40.9
2013-12-06,40.8,41.2,40.8,41.0
2013-06-15,40.8,40.8,39.0,39.3
2013-06-16,39.1,39.5,38.8,39.3
2013-06-17,39.7,40.0,39.5,39.8
2013-06-18,39.6,40.4,39.6,40.0
2013-06-19,40.1,40.3,39.9,40.1
2013-06-22,39.8,40.0,39.6,40.0
2013-06-23,40.0,40.2,40.0,40.1
2013-06-24,40.0,40.0,39.7,39.9
2013-06-25,39.9,40.0,39.8,39.9
2013-06-26,39.9,40.0,39.8,39.9
2013-06-30,39.9,40.1,39.8,39.9
2013-01-07,40.0,40.1,39.9,40.0
2013-02-07,40.0,40.2,39.9,40.1
2013-03-07,40.0,40.1,39.8,39.9
2013-04-07,40.0,40.1,39.9,40.1
2013-07-07,40.1,40.6,40.1,40.4
2013-08-07,40.4,40.9,40.4,40.5
2013-09-07,40.6,41.2,40.6,41.0
2013-10-07,41.0,41.4,40.9,41.0
2013-11-07,40.9,41.0,40.8,41.0
2013-07-14,41.2,41.3,40.9,41.3
2013-07-15,41.3,41.3,40.9,41.0
2013-07-16,41.0,41.0,40.8,41.0
2013-07-17,41.0,41.2,40.4,40.6
2013-07-18,40.5,40.5,40.0,40.1
2013-07-21,40.0,40.3,40.0,40.2
2013-07-22,40.0,40.4,39.7,40.1
2013-07-23,40.2,40.7,40.1,40.5
2013-07-24,40.5,41.1,40.5,40.8
2013-07-25,40.8,40.8,40.3,40.6
2013-07-28,40.1,40.3,39.9,40.0
2013-07-29,40.0,40.2,39.9,40.2
2013-07-30,40.2,40.2,39.9,40.1
2013-07-31,40.1,40.3,40.0,40.1
2013-01-08,40.2,40.5,40.0,40.4
2013-04-08,40.4,41.3,40.3,41.2
2013-05-08,41.4,42.0,40.9,41.7
2013-08-13,41.7,43.4,41.7,43.0
2013-08-14,42.0,42.6,41.9,41.9
2013-08-15,42.0,42.3,41.8,42.1
2013-08-18,41.9,42.0,41.7,42.0
2013-08-19,42.0,42.6,41.7,42.2
2013-08-20,42.3,42.8,42.2,42.7
2013-08-21,42.7,43.0,42.4,42.9
2013-08-22,42.8,42.9,42.7,42.8
2013-08-25,42.7,43.1,42.5,42.7
2013-08-26,42.7,42.7,41.7,42.0
2013-08-27,41.7,41.7,40.0,40.1
2013-08-28,40.0,40.0,39.2,39.8
2013-08-29,39.9,40.0,39.4,39.8
2013-01-09,40.0,40.2,39.9,40.1
2013-02-09,40.2,40.2,39.9,40.1
2013-03-09,40.2,40.3,39.7,39.8
2013-04-09,39.7,39.7,39.2,39.3
2013-05-09,39.3,39.5,39.2,39.3
2013-08-09,39.5,39.8,39.2,39.4
2013-09-09,39.3,39.6,39.0,39.4
2013-10-09,40.2,40.4,40.0,40.2
2013-11-09,40.3,40.3,39.9,40.0
2013-12-09,40.0,40.2,40.0,40.1
2013-09-15,40.6,41.9,40.5,41.7
2013-09-16,41.9,42.3,41.7,42.1
2013-09-17,42.0,42.5,41.7,42.3
2013-09-18,42.1,42.6,41.8,42.3
2013-09-19,42.4,42.6,42.2,42.3
2013-09-24,42.4,42.4,42.2,42.2
2013-09-25,42.2,42.3,42.0,42.3
2013-09-26,42.4,45.0,42.4,43.7
2013-09-29,43.9,43.9,42.9,43.1
2013-09-30,43.0,43.2,42.7,43.2
2013-01-10,42.8,43.2,42.8,43.1
2013-02-10,43.3,43.3,43.0,43.3
2013-03-10,43.3,43.5,43.2,43.4
2013-06-10,43.2,43.4,43.0,43.3
2013-07-10,43.2,43.7,43.0,43.6
2013-08-10,43.5,43.6,43.2,43.5
2013-09-10,43.4,43.6,43.3,43.6
2013-10-10,43.6,44.1,43.6,44.0
2013-10-20,44.2,45.0,44.2,44.8
2013-10-21,44.8,45.3,44.7,45.2
2013-10-22,45.1,45.9,44.9,45.6
2013-10-23,45.7,45.9,45.5,45.7
2013-10-24,45.5,45.8,45.4,45.5
2013-10-27,45.5,45.5,45.0,45.1
2013-10-28,45.0,45.0,44.5,44.7
2013-10-29,44.6,44.6,44.2,44.4
2013-10-30,48.1,48.6,47.0,47.7
2013-10-31,47.6,49.9,47.1,48.8
2013-03-11,48.7,50.5,48.7,49.7
2013-04-11,49.6,50.0,49.0,49.6
2013-05-11,49.0,50.0,49.0,49.9
2013-06-11,49.7,51.0,49.7,50.75
2013-07-11,51.25,54.25,51.0,54.0
2013-10-11,54.0,55.0,53.25,53.75
2013-11-11,54.0,55.25,53.0,54.5
2013-12-11,54.75,56.75,54.5,56.0
2013-11-13,55.75,56.0,53.25,53.5
2013-11-14,53.75,53.75,52.5,53.75
2013-11-17,53.75,57.75,53.75,55.75
2013-11-18,55.75,56.75,55.0,55.5
2013-11-19,55.25,55.5,54.25,54.75
2013-11-20,54.5,54.75,53.5,54.5
2013-11-21,54.25,55.0,54.0,54.5
2013-11-24,54.5,55.0,54.5,55.0
2013-11-25,54.75,55.0,53.5,53.75
2013-11-26,53.75,54.0,52.75,53.5
2013-11-27,53.5,53.5,53.0,53.25
2013-11-28,53.5,54.0,53.25,53.25
2013-01-12,53.5,53.5,52.25,52.5
2013-02-12,52.5,52.75,51.75,52.75
2013-03-12,52.75,53.0,51.75,52.5
2013-04-12,52.25,53.0,51.75,52.75
2013-05-12,53.0,53.0,52.0,52.25
2013-08-12,52.5,53.0,52.25,52.5
2013-09-12,52.75,53.5,52.25,53.25
2013-10-12,53.0,53.75,53.0,53.75
2013-11-12,53.75,54.0,53.25,53.5
2013-12-12,53.5,53.75,53.25,53.5
2013-12-15,53.5,54.0,53.25,53.5
2013-12-16,53.5,53.75,53.25,53.5
2013-12-17,53.5,53.5,52.75,52.75
2013-12-18,52.75,53.0,52.5,52.75
2013-12-19,52.75,53.5,52.25,53.5
2013-12-22,53.5,55.25,53.5,55.0
2013-12-23,55.25,57.0,55.0,55.5
2013-12-24,56.0,56.25,54.5,54.75
2013-12-25,55.0,55.5,54.5,54.75
2013-12-26,54.5,54.75,54.25,54.75
2013-12-29,55.0,55.75,54.5,55.25
2013-12-30,55.25,55.75,54.75,55.25
2013-12-31,55.25,55.25,53.25,53.5
2014-01-01,53.75,55.5,53.75,55.5
2014-02-01,55.0,56.0,54.75,56.0
2014-05-01,56.0,56.0,55.0,55.5
2014-06-01,55.25,56.5,55.0,55.75
2014-07-01,55.75,56.25,55.75,56.0
2014-08-01,56.25,58.5,56.0,57.5
2014-09-01,57.25,59.25,57.25,57.75
2014-12-01,57.75,58.75,56.75,58.5
2014-01-13,58.25,58.25,57.5,58.0
2014-01-14,57.5,59.0,57.25,58.75
2014-01-15,59.0,59.75,58.75,59.0
2014-01-16,59.0,60.0,58.75,59.25
2014-01-19,58.75,60.0,58.25,60.0
2014-01-20,60.0,61.0,58.25,58.75
2014-01-21,61.0,63.25,60.5,62.0
2014-01-22,62.0,62.0,60.0,60.5
2014-01-23,60.5,60.75,59.75,60.0
2014-01-26,59.0,59.75,58.75,59.75
2014-01-27,59.75,59.75,59.0,59.5
2014-01-28,59.25,60.75,59.0,59.25
2014-01-29,59.5,60.0,59.5,59.5
2014-01-30,59.25,61.25,59.25,61.0
2014-02-02,61.25,62.75,61.25,62.5
2014-03-02,62.0,62.5,61.25,61.75
2014-04-02,60.25,61.75,60.25,61.25
2014-05-02,61.5,61.75,60.25,60.75
2014-06-02,60.75,61.0,60.25,60.5
2014-09-02,61.0,62.0,61.0,61.5
2014-10-02,61.75,61.75,60.75,61.25
2014-11-02,61.25,61.5,60.5,61.0
2014-12-02,60.75,61.5,60.75,61.25
2014-02-13,61.25,62.0,61.25,61.75
2014-02-16,61.75,62.0,61.0,61.25
2014-02-17,61.25,61.75,61.0,61.25
2014-02-18,61.25,61.5,60.75,61.25
2014-02-19,61.25,61.5,61.0,61.25
2014-02-20,61.25,61.5,60.75,61.0
2014-02-23,61.25,62.25,61.0,61.5
2014-02-24,62.0,62.25,61.75,62.25
2014-02-25,62.25,62.5,62.0,62.5
2014-02-26,62.25,62.5,62.0,62.25
2014-02-27,62.25,62.5,62.0,62.25
2014-02-03,62.0,62.75,61.75,62.25
2014-03-03,62.25,62.25,60.75,61.5
2014-04-03,61.75,62.0,61.75,62.0
2014-05-03,62.0,62.25,61.25,61.75
2014-06-03,61.75,64.5,61.75,64.0
2014-09-03,64.0,65.75,63.75,65.5
2014-10-03,65.5,65.5,64.0,64.5
2014-11-03,64.25,64.75,64.0,64.25
2014-12-03,64.0,65.25,63.25,63.75
2014-03-13,63.75,64.75,63.75,64.5
2014-03-16,64.5,65.25,64.25,65.0
2014-03-17,64.75,65.0,64.5,64.5
2014-03-18,64.75,65.5,64.5,65.25
2014-03-19,65.0,65.25,64.0,64.5
2014-03-20,64.75,66.25,64.5,66.0
2014-03-23,66.25,68.0,65.75,67.5
2014-03-24,67.5,67.75,66.75,67.0
2014-03-25,67.0,67.0,66.25,66.75
2014-03-26,66.75,67.75,66.5,67.5
2014-03-27,67.5,67.75,67.0,67.5
2014-03-30,67.5,67.75,66.5,66.75
2014-03-31,66.75,67.0,66.0,66.0
2014-01-04,66.25,66.75,65.75,66.75
2014-02-04,67.0,67.0,66.25,66.5
2014-03-04,66.25,66.25,65.75,66.0
2014-06-04,66.25,66.75,66.0,66.5
2014-07-04,66.5,66.75,65.0,66.25
2014-08-04,66.25,69.75,66.0,69.0
2014-09-04,69.0,69.75,68.5,68.5
2014-10-04,68.5,69.0,68.0,68.5
2014-04-13,68.25,68.5,67.25,67.73
2014-04-14,67.5,69.0,67.0,68.72
2014-04-15,69.0,70.0,69.0,69.39
2014-04-16,69.5,70.25,69.25,70.01
2014-04-17,69.75,70.5,69.5,70.47
2014-04-20,70.5,73.0,70.0,72.7
2014-04-21,73.0,73.75,70.5,71.67
2014-04-22,69.0,69.5,67.75,67.99
2014-04-23,68.0,68.5,65.5,65.82
2014-04-24,65.75,66.25,64.75,65.96
2014-04-27,66.25,66.25,65.0,65.76
2014-04-28,66.0,66.0,64.5,64.74
2014-04-29,65.0,65.0,63.5,64.0
2014-04-30,64.25,66.25,64.25,65.83
2014-01-05,65.5,69.5,65.25,69.01
2014-04-05,68.0,71.75,67.75,68.61
2014-05-05,68.75,70.25,67.75,67.97
2014-06-05,68.0,68.5,67.25,67.56
2014-07-05,68.0,68.25,67.75,67.84
2014-08-05,68.0,68.0,67.5,67.59
2014-11-05,67.75,68.0,66.5,66.85
2014-12-05,66.75,67.0,66.5,66.81
2014-05-13,66.75,67.5,66.75,67.04
2014-05-14,67.25,67.25,66.25,66.48
2014-05-15,66.25,66.5,65.5,65.98
2014-05-18,66.0,66.25,65.75,65.98
2014-05-19,66.0,66.0,65.5,65.77
2014-05-20,65.75,66.25,65.75,66.0
2014-05-21,65.75,66.25,65.75,65.95
2014-05-22,66.0,66.0,64.75,65.22
2014-05-25,65.25,65.25,64.5,65.0
2014-05-26,65.0,66.0,65.0,65.27
2014-05-27,65.5,65.75,65.0,65.24
2014-05-28,65.0,65.25,65.0,65.0
2014-05-29,65.25,65.5,64.75,65.15
2014-01-06,65.0,65.25,64.5,65.12
2014-02-06,65.0,65.5,64.75,65.21
2014-03-06,65.25,65.5,65.0,65.41
2014-04-06,65.5,67.75,65.25,67.25
2014-05-06,68.0,68.5,67.0,67.22
2014-08-06,67.5,68.0,66.0,66.93
2014-09-06,66.75,67.25,66.25,67.0
2014-10-06,68.25,69.0,67.5,67.76
2014-11-06,67.75,68.25,67.25,67.87
2014-12-06,67.75,68.0,67.5,67.51
2014-06-15,67.5,67.5,66.25,67.05
2014-06-16,66.5,67.25,66.0,66.21
2014-06-17,66.0,67.0,65.75,66.1
2014-06-18,66.25,66.75,65.75,66.42
2014-06-19,66.5,68.0,66.5,67.45
2014-06-22,67.5,68.25,66.75,66.99
2014-06-23,67.0,67.0,66.25,66.75
2014-06-24,66.5,67.25,66.25,66.62
2014-06-25,67.0,67.5,66.5,67.31
2014-06-26,67.25,68.0,66.75,67.76
2014-06-29,67.5,67.75,67.0,67.19
2014-06-30,67.25,67.25,66.5,66.75
2014-01-07,66.75,69.25,66.75,68.98
2014-02-07,69.0,71.0,69.0,70.49
2014-03-07,70.5,71.0,69.5,70.42
2014-06-07,70.0,71.0,69.75,71.0
2014-07-07,71.0,71.25,70.0,70.52
2014-08-07,70.5,70.75,69.75,70.66
2014-09-07,70.25,71.0,70.0,70.56
2014-10-07,70.5,71.0,70.5,70.6
2014-07-13,70.75,71.5,70.5,71.19
2014-07-14,71.25,72.0,70.75,71.89
2014-07-15,72.25,72.5,71.25,71.28
2014-07-16,71.25,71.25,70.0,70.36
2014-07-17,70.5,71.0,70.0,70.43
2014-07-20,70.25,70.25,69.5,69.97
2014-07-21,70.75,71.5,69.5,69.98
2014-07-22,70.75,72.5,70.25,72.18
2014-07-23,72.25,73.25,72.0,72.87
2014-07-24,73.25,73.5,72.5,72.96
2014-03-08,72.5,72.75,72.0,72.51
2014-04-08,72.5,73.0,72.25,72.54
2014-05-08,72.5,72.75,72.0,72.1
2014-06-08,72.0,72.25,71.75,71.99
2014-07-08,72.0,73.5,71.75,72.54
2014-10-08,72.25,73.0,72.0,72.35
2014-11-08,72.25,72.75,71.75,72.52
2014-12-08,72.5,73.75,72.25,73.37
2014-08-13,73.5,74.5,73.25,74.0
2014-08-14,74.0,74.25,73.25,73.42
2014-08-17,73.5,74.0,73.25,73.84
2014-08-18,73.75,73.75,73.25,73.5
2014-08-19,73.25,73.75,73.25,73.48
2014-08-20,73.5,73.75,73.25,73.26
2014-08-21,73.25,73.5,73.0,73.08
2014-08-24,73.5,73.75,73.25,73.53
2014-08-25,73.75,73.75,72.75,72.94
2014-08-26,73.25,73.25,72.25,73.05
2014-08-27,73.25,74.5,73.25,74.05
2014-08-28,74.0,75.25,74.0,74.99
2014-08-31,75.25,76.0,75.0,75.51
2014-01-09,75.75,76.0,75.25,75.65
2014-02-09,75.75,75.75,74.0,74.76
2014-03-09,74.5,75.5,74.5,75.0
2014-04-09,75.0,75.5,74.75,75.25
2014-07-09,75.5,76.0,75.0,75.45
2014-08-09,75.5,75.75,74.75,75.04
2014-09-09,75.0,75.25,75.0,75.1
2014-10-09,75.0,75.25,74.75,74.92
2014-11-09,75.0,75.25,74.5,74.76
2014-09-14,74.75,75.0,74.25,74.86
2014-09-15,75.0,75.0,74.25,74.44
2014-09-16,74.25,75.0,74.25,74.75
2014-09-17,74.75,75.5,74.5,75.27
2014-09-18,75.0,75.0,74.75,74.94
2014-09-21,74.75,74.75,74.0,74.25
2014-09-22,74.25,74.25,73.5,73.74
2014-09-24,73.0,74.0,72.25,73.44
2014-09-25,73.5,74.25,73.0,74.12
2014-09-28,74.0,74.25,73.0,73.5
2014-09-29,73.25,74.0,73.0,73.74
2014-09-30,73.75,74.5,73.5,74.35
2014-01-10,74.25,74.75,74.25,74.53
2014-02-10,74.25,75.0,74.0,74.92
2014-12-10,72.5,73.25,70.5,70.85
2014-10-13,71.0,72.25,70.5,71.99
2014-10-14,72.25,72.25,69.75,70.92
2014-10-15,70.75,71.5,68.5,68.52
2014-10-16,67.25,69.0,63.5,68.05
2014-10-19,71.25,71.5,68.0,68.85
2014-10-20,69.0,69.5,67.75,69.08
2014-10-21,69.0,71.0,68.5,70.53
2014-10-22,71.0,71.75,70.5,70.95
2014-10-23,70.25,71.25,70.0,70.5
2014-10-26,70.5,71.75,70.25,71.53
2014-10-27,72.25,73.75,71.5,73.24
2014-10-28,75.0,76.5,74.75,75.76
2014-10-29,76.0,76.5,74.75,74.79
2014-10-30,75.0,75.0,73.75,74.34
2014-02-11,75.0,76.25,73.5,74.02
2014-03-11,74.0,74.5,73.25,74.0
2014-04-11,73.0,74.25,71.75,71.88
2014-05-11,70.5,71.25,69.0,71.13
2014-06-11,70.5,72.0,70.25,71.23
2014-09-11,71.0,71.25,70.75,70.99
2014-10-11,71.25,71.25,70.25,70.86
2014-11-11,70.75,70.75,69.25,69.33
2014-12-11,69.5,70.25,69.0,69.5
2014-11-13,69.5,69.75,68.5,68.81
2014-11-16,68.75,69.5,68.25,68.95
2014-11-17,69.0,69.0,67.0,68.0
2014-11-18,67.5,68.75,67.5,68.52
2014-11-19,69.0,69.25,67.75,68.71
2014-11-20,68.75,69.0,68.25,68.55
2014-11-23,69.0,69.25,68.75,68.79
2014-11-24,69.0,69.0,67.75,67.9
2014-11-25,67.5,67.75,66.75,67.11
2014-11-26,66.5,67.0,65.0,66.28
2014-11-27,66.0,67.25,65.5,66.83
2014-11-30,65.0,66.75,64.0,65.49
2014-01-12,64.75,68.25,64.75,66.86
2014-02-12,67.0,68.0,66.0,66.37
2014-03-12,66.25,66.75,65.25,66.49
2014-04-12,66.75,68.25,66.5,68.0
2014-07-12,67.5,68.25,67.5,67.75
2014-08-12,67.0,67.75,66.5,67.0
2014-09-12,66.5,66.5,65.0,65.88
2014-10-12,66.5,66.75,64.5,64.94
2014-11-12,64.5,64.5,63.5,64.04
2014-12-14,61.75,63.5,61.0,62.15
2014-12-15,62.5,62.5,58.5,59.88
2014-12-16,57.25,59.0,55.0,56.38
2014-12-17,58.75,62.0,56.75,61.33
2014-12-18,67.0,67.25,65.0,67.25
2014-12-21,73.0,73.0,67.25,68.6
2014-12-22,68.5,69.0,68.25,68.5
2014-12-23,69.25,71.5,69.25,69.6
2014-12-24,70.0,71.25,69.25,70.75
2014-12-25,70.75,71.5,70.0,70.38
2014-12-28,70.25,70.75,69.75,70.3
2014-12-29,70.5,70.5,69.75,70.12
2014-12-30,68.75,68.75,67.75,68.23
2014-12-31,68.25,68.75,64.0,65.74
2015-01-01,66.25,67.25,65.75,66.25
2015-04-01,66.0,67.25,66.0,67.09
2015-05-01,66.0,67.25,66.0,66.78
2015-06-01,65.25,66.5,64.0,66.19
2015-07-01,65.75,68.0,65.75,67.81
2015-08-01,68.0,69.25,68.0,68.97
2015-11-01,68.25,69.5,68.25,69.18
2015-12-01,69.5,69.5,68.75,68.75
2015-01-13,67.5,69.75,67.25,69.28
2015-01-14,69.5,71.5,69.5,71.39
2015-01-15,71.5,72.25,71.25,72.07
2015-01-18,72.25,72.25,71.25,72.0
2015-01-19,72.0,72.5,70.5,71.74
2015-01-20,69.25,69.5,66.75,67.42
2015-01-21,67.75,67.75,65.75,65.9
2015-01-22,65.75,66.0,64.75,65.47
2015-01-26,66.0,67.25,65.75,66.04
2015-01-27,66.25,67.0,65.5,66.67
2015-01-28,67.0,68.25,66.5,67.24
2015-01-29,67.0,67.0,66.0,66.11
2015-01-02,67.75,68.0,66.0,66.01
2015-02-02,66.25,66.25,65.25,65.53
2015-03-02,65.5,67.75,65.25,66.56
2015-04-02,67.0,67.25,65.75,65.87
2015-05-02,65.75,66.25,65.25,65.85
2015-08-02,66.25,66.25,65.75,66.24
2015-09-02,66.5,67.0,65.5,65.96
2015-10-02,66.0,66.5,65.25,65.64
2015-11-02,65.5,65.75,64.5,64.77
2015-12-02,65.0,65.5,65.0,65.14
2015-02-15,65.75,66.75,65.5,66.48
2015-02-16,66.5,67.0,65.75,66.04
2015-02-17,65.75,66.25,65.75,66.0
2015-02-18,66.0,67.25,66.0,66.75
2015-02-19,66.75,67.0,66.25,66.65
2015-02-22,66.5,67.5,66.25,66.71
2015-02-23,65.75,65.75,62.75,63.56
2015-02-24,63.75,64.0,63.5,63.96
2015-02-25,63.75,64.25,62.75,64.02
2015-02-26,64.0,65.0,63.5,64.81
2015-01-03,65.0,65.25,64.25,65.21
2015-02-03,65.25,65.25,64.5,65.21
2015-03-03,65.25,66.75,65.0,66.2
2015-04-03,66.75,66.75,65.75,65.99
2015-05-03,66.0,66.75,65.75,66.59
2015-08-03,66.25,66.75,65.75,66.62
2015-09-03,66.75,67.5,66.5,67.24
2015-10-03,67.25,68.75,67.0,68.54
2015-11-03,68.25,68.25,67.5,67.76
2015-12-03,67.75,68.75,67.25,67.28
2015-03-15,67.0,67.0,65.25,65.67
2015-03-16,65.5,66.25,64.25,64.94
2015-03-17,64.75,65.5,64.0,64.65
2015-03-18,64.75,65.0,62.75,63.8
2015-03-19,64.25,64.5,63.25,63.69
2015-03-22,64.0,65.0,64.0,64.9
2015-03-23,65.0,65.0,64.0,64.5
2015-03-24,64.5,65.25,64.5,65.22
2015-03-25,65.0,65.0,63.0,63.22
2015-03-26,62.25,63.0,61.5,62.81
2015-03-29,63.5,64.25,63.0,64.0
2015-03-30,64.0,64.25,63.0,63.51
2015-03-31,63.5,63.5,62.0,62.77
2015-01-04,63.0,63.75,63.0,63.66
2015-02-04,63.25,63.25,61.75,61.84
2015-05-04,62.0,62.0,60.25,60.42
2015-06-04,61.0,62.0,60.5,61.5
2015-07-04,61.75,62.0,61.0,61.57
2015-08-04,61.5,62.5,61.5,61.7
2015-09-04,61.5,62.0,61.25,61.51
2015-12-04,61.75,63.0,61.5,62.41
2015-04-13,63.0,63.0,61.5,62.75
2015-04-14,63.0,63.5,62.0,62.32
2015-04-15,62.75,63.5,62.75,63.1
2015-04-16,63.25,64.0,63.0,63.05
2015-04-19,64.5,67.25,64.5,66.88
2015-04-20,69.0,70.0,68.5,68.97
2015-04-21,69.0,69.5,68.5,68.76
2015-04-22,69.25,70.0,68.5,68.75
2015-04-23,69.0,69.0,68.25,68.5
2015-04-26,68.75,70.0,68.5,69.73
2015-04-27,69.0,69.0,68.0,68.4
2015-04-28,68.25,68.5,67.5,68.05
2015-04-29,68.25,68.5,67.5,67.84
2015-04-30,68.0,69.5,68.0,69.06
2015-03-05,69.75,70.5,69.5,69.88
2015-04-05,70.0,70.0,69.25,69.49
2015-05-05,69.75,70.0,69.0,69.25
2015-06-05,69.25,69.5,67.5,69.12
2015-07-05,68.75,68.75,66.25,67.65
2015-10-05,67.75,68.75,67.0,68.5
2015-11-05,68.0,69.25,68.0,69.11
2015-12-05,68.75,69.75,68.75,69.75
2015-05-13,70.0,70.5,69.5,70.07
2015-05-14,70.0,70.5,69.75,70.33
2015-05-17,70.25,71.0,70.0,70.74
2015-05-18,71.0,71.25,70.5,70.79
2015-05-19,71.0,71.25,70.0,70.29
2015-05-20,70.25,70.25,69.0,69.17
2015-05-21,69.25,70.5,69.25,69.71
2015-05-24,69.75,69.75,68.75,68.95
2015-05-25,68.75,70.5,68.75,70.04
2015-05-26,70.0,70.0,69.0,69.72
2015-05-27,69.5,69.75,69.0,69.25
2015-05-28,69.5,69.5,68.75,68.94
2015-05-31,69.0,69.25,68.75,68.99
2015-01-06,69.0,69.5,68.25,69.27
2015-02-06,69.25,69.25,68.5,68.83
2015-03-06,68.75,69.0,68.0,68.09
2015-04-06,68.5,68.5,67.5,68.15
2015-07-06,68.0,68.0,66.5,66.76
2015-08-06,66.75,67.0,66.0,66.31
2015-09-06,66.0,67.0,65.5,66.76
2015-10-06,67.0,68.25,67.0,67.99
2015-11-06,68.0,68.0,67.0,67.25
2015-06-14,67.25,68.25,66.5,68.02
2015-06-15,68.5,68.5,67.5,67.95
2015-06-16,67.75,68.0,67.25,67.82
2015-06-17,68.0,68.0,66.75,67.52
2015-06-18,67.25,67.75,66.75,66.88
2015-06-21,67.0,67.25,66.0,66.69
2015-06-22,66.5,66.75,65.75,66.0
2015-06-23,66.25,66.75,65.75,66.39
2015-06-24,66.5,67.0,66.5,66.75
2015-06-25,67.0,67.75,66.75,67.68
2015-06-28,67.25,67.75,66.25,67.75
2015-06-29,67.0,67.5,66.5,67.25
2015-06-30,67.0,67.5,66.75,67.48
2015-01-07,67.25,69.5,67.25,69.13
2015-02-07,69.5,69.5,68.0,69.3
2015-05-07,69.25,70.0,68.0,69.32
2015-06-07,68.5,69.75,68.5,69.31
2015-07-07,69.25,69.25,67.5,67.75
2015-08-07,67.75,69.0,67.0,67.12
2015-09-07,67.0,67.25,66.25,67.18
2015-12-07,67.25,67.25,65.5,66.21
2015-07-13,66.25,68.5,66.0,68.08
2015-07-14,68.25,71.25,68.25,69.83
2015-07-15,69.0,72.0,69.0,71.95
2015-07-22,71.75,72.75,71.5,72.73
2015-07-23,72.25,73.25,72.0,73.02
2015-07-26,72.75,72.75,71.0,71.01
2015-07-27,70.75,71.0,69.75,70.04
2015-07-28,70.0,70.5,69.75,70.25
2015-07-29,70.25,72.75,70.0,72.0
2015-07-30,70.0,70.0,67.75,68.56
2015-02-08,68.25,68.75,67.25,67.56
2015-03-08,67.5,68.0,67.0,67.77
2015-04-08,67.0,67.0,66.0,67.0
2015-05-08,67.0,68.0,66.75,67.94
2015-06-08,67.75,67.75,66.25,67.1
2015-09-08,66.75,67.5,66.5,67.47
2015-10-08,67.5,68.0,67.25,67.6
2015-11-08,67.75,67.75,66.5,66.79
2015-12-08,66.5,67.0,66.25,66.98
2015-08-13,67.0,67.25,66.5,66.76
2015-08-16,66.75,66.75,66.0,66.04
2015-08-17,66.0,66.5,65.5,65.72
2015-08-18,65.5,65.5,63.0,63.36
2015-08-19,63.5,63.75,61.75,61.86
2015-08-20,61.25,61.5,60.0,61.11
2015-08-23,60.0,60.0,57.0,57.63
2015-08-24,56.5,58.0,52.75,55.59
2015-08-25,56.75,61.0,54.5,61.0
2015-08-26,60.75,62.0,58.5,60.04
2015-08-27,62.0,63.0,60.25,60.69
2015-08-30,62.75,63.75,60.75,60.8
2015-08-31,60.25,60.75,59.25,59.99
2015-01-09,60.25,60.25,59.25,59.55
2015-02-09,58.75,61.0,58.75,60.5
2015-03-09,61.0,61.0,59.75,60.4
2015-06-09,59.5,61.0,59.5,61.0
2015-07-09,61.25,61.75,60.75,60.98
2015-08-09,60.5,61.25,59.75,60.84
2015-09-09,61.5,61.75,60.5,61.2
2015-10-09,60.25,61.25,60.25,60.95
2015-09-13,60.5,61.75,60.5,61.07
2015-09-14,60.75,61.5,60.75,60.88
2015-09-15,60.5,61.5,59.75,61.25
2015-09-16,61.5,62.0,61.0,61.62
2015-09-17,62.0,63.25,61.75,62.0
2015-09-20,62.0,62.75,61.25,62.25
2015-09-21,62.75,63.5,62.25,63.15
2015-09-29,62.75,62.75,61.25,61.58
2015-09-30,61.75,61.75,61.25,61.29
2015-01-10,61.75,62.25,61.25,61.28
2015-04-10,61.75,61.75,61.25,61.73
2015-05-10,61.75,62.5,61.5,62.45
2015-06-10,62.75,63.75,62.25,63.61
2015-07-10,63.0,65.0,63.0,63.73
2015-08-10,64.0,65.25,63.75,64.54
2015-11-10,64.75,66.0,64.5,64.77
2015-12-10,65.0,66.75,64.5,65.67
2015-10-13,65.5,67.75,65.25,67.16
2015-10-14,67.25,67.25,66.5,66.84
2015-10-15,66.75,66.75,65.5,65.5
2015-10-18,65.75,67.25,65.75,67.0
2015-10-19,66.75,68.25,66.25,67.95
2015-10-20,68.0,68.25,67.25,67.92
2015-10-21,65.25,65.75,63.0,63.51
2015-10-22,63.0,65.5,63.0,65.2
2015-10-25,65.0,65.75,65.0,65.18
2015-10-26,65.0,65.25,64.0,65.08
2015-10-27,65.25,65.25,63.75,64.52
2015-10-28,64.25,65.0,64.0,64.6
2015-10-29,64.75,65.25,64.0,64.1
2015-01-11,63.25,63.25,61.25,61.97
2015-02-11,61.25,62.0,61.25,61.58
2015-03-11,61.5,61.5,60.0,60.33
2015-04-11,60.5,60.75,59.75,60.14
2015-05-11,60.0,60.25,59.75,59.76
2015-08-11,59.75,59.75,57.75,59.05
2015-09-11,58.75,59.25,58.25,59.19
2015-10-11,59.0,60.25,58.75,59.0
2015-11-11,63.25,64.75,63.0,64.75
2015-12-11,66.5,68.75,66.0,66.61
2015-11-15,65.25,65.5,63.75,64.62
2015-11-16,65.0,65.25,64.75,65.0
2015-11-17,65.25,65.5,64.5,64.75
2015-11-18,64.75,65.25,64.75,64.99
2015-11-19,66.0,67.0,65.5,66.0
2015-11-22,66.5,66.5,65.75,65.91
2015-11-23,66.0,66.5,65.25,66.3
2015-11-24,66.25,66.75,66.0,66.41
2015-11-25,66.25,67.25,66.25,66.72
2015-11-26,66.75,67.25,66.5,66.95
2015-11-29,67.25,67.25,67.0,67.16
2015-11-30,67.0,67.25,66.5,66.92
2015-01-12,66.75,67.75,66.75,67.66
2015-02-12,67.5,69.0,67.25,68.21
2015-03-12,67.75,68.5,67.75,68.0
2015-06-12,68.0,68.0,67.5,67.75
2015-07-12,68.0,68.0,66.5,66.86
2015-08-12,66.5,67.0,66.25,66.47
2015-09-12,66.5,68.0,66.5,67.4
2015-10-12,67.25,68.0,67.0,67.23
2015-12-13,66.0,67.25,65.5,66.08
2015-12-14,66.5,66.5,65.25,65.95
2015-12-15,65.75,66.0,65.25,65.95
2015-12-16,66.0,66.75,65.75,66.68
2015-12-17,67.0,67.75,66.5,67.5
2015-12-20,67.25,67.25,66.5,66.92
2015-12-21,66.5,67.5,66.5,67.28
2015-12-22,67.75,67.75,65.75,66.04
2015-12-23,66.0,66.25,65.25,65.49
2015-12-24,65.75,66.5,65.75,66.33
2015-12-27,66.5,67.25,66.0,66.99
2015-12-28,66.75,67.5,66.5,67.26
2015-12-29,67.5,68.0,66.5,66.92
2015-12-30,67.0,68.75,67.0,68.67
2015-12-31,68.75,69.25,68.0,68.43
2016-03-01,68.0,68.5,67.25,67.44
2016-04-01,67.5,67.5,66.0,66.18
2016-05-01,66.75,67.0,66.25,66.84
2016-06-01,67.25,67.25,66.0,66.57
2016-07-01,66.0,66.0,63.25,64.68
2016-10-01,64.5,64.5,63.25,64.45
2016-11-01,64.0,64.25,63.0,64.04
2016-12-01,63.75,63.75,62.5,62.5
2016-01-13,63.0,63.0,61.5,62.1
2016-01-14,61.5,62.0,60.0,61.36
2016-01-17,59.0,59.5,56.5,57.83
2016-01-18,58.0,61.5,58.0,61.06
2016-01-19,61.75,61.75,60.0,60.46
2016-01-20,60.0,60.0,58.75,59.01
2016-01-21,58.5,59.75,57.5,59.34
2016-01-24,63.75,63.75,60.0,60.48
2016-01-25,60.0,60.0,59.0,59.4
2016-01-26,58.25,59.5,58.25,59.45
2016-01-27,59.75,60.25,59.5,59.86
2016-01-28,60.5,60.75,60.0,60.06
2016-01-31,61.0,61.25,60.25,60.8
2016-01-02,61.0,62.25,60.75,62.19
2016-02-02,61.5,62.5,61.5,62.1
2016-03-02,61.5,62.5,61.5,62.25
2016-04-02,62.75,63.25,62.75,62.98
2016-07-02,62.5,63.25,62.25,63.09
2016-08-02,63.25,63.5,63.0,63.46
2016-09-02,63.0,63.75,62.75,63.23
2016-10-02,63.0,64.0,62.75,63.64
2016-11-02,63.5,64.0,63.25,63.57
2016-02-14,63.5,64.5,63.5,63.62
2016-02-15,63.75,64.75,63.75,64.37
2016-02-16,64.5,65.0,64.5,64.66
2016-02-17,64.5,65.0,64.5,64.81
2016-02-18,64.75,65.5,64.75,65.32
2016-02-21,65.25,65.75,65.25,65.49
2016-02-22,66.0,66.0,65.5,65.89
2016-02-23,65.75,66.0,65.5,65.75
2016-02-24,65.5,66.5,65.5,65.77
2016-02-25,65.75,66.25,65.75,66.16
2016-02-28,66.0,66.5,66.0,66.38
2016-02-29,66.0,66.5,66.0,66.25
2016-01-03,66.5,67.0,66.25,66.71
2016-02-03,66.5,67.0,66.5,66.85
2016-03-03,67.0,67.25,67.0,67.0
2016-06-03,68.0,68.25,67.75,68.16
2016-07-03,68.25,68.25,67.0,67.82
2016-08-03,67.75,68.25,67.75,68.02
2016-09-03,67.75,68.25,67.5,67.76
2016-10-03,68.0,68.25,67.5,67.92
2016-03-13,68.0,68.75,68.0,68.75
2016-03-14,68.75,69.0,68.75,68.75
2016-03-15,68.75,68.75,68.25,68.75
2016-03-16,68.75,69.25,68.75,69.25
2016-03-17,69.25,69.5,69.0,69.0
2016-03-20,69.25,69.75,69.25,69.5
2016-03-21,69.5,69.5,69.25,69.25
2016-03-22,69.0,69.5,69.0,69.47
2016-03-23,69.25,69.5,69.25,69.47
2016-03-24,69.25,69.25,64.5,65.39
2016-03-27,65.0,65.75,61.5,62.42
2016-03-28,62.25,64.5,61.5,61.96
2016-03-29,62.5,63.0,62.0,62.54
2016-03-30,62.5,64.25,62.5,64.05
2016-03-31,64.25,64.25,63.5,64.24
2016-03-04,63.75,64.25,61.5,61.56
2016-04-04,61.5,62.5,61.25,61.99
2016-05-04,61.25,61.25,59.5,60.94
2016-06-04,61.5,61.75,60.75,60.8
2016-07-04,61.25,62.5,61.25,61.5
2016-10-04,62.0,62.0,61.5,61.75
2016-11-04,61.75,62.25,61.5,61.51
2016-12-04,61.75,61.75,61.25,61.5
2016-04-13,61.75,62.25,61.5,61.79
2016-04-14,62.0,62.75,61.5,62.58
2016-04-17,62.75,63.0,61.25,61.25
2016-04-18,61.0,61.75,60.5,60.98
2016-04-19,61.25,61.5,60.5,60.57
2016-04-20,60.25,61.0,60.25,60.49
2016-04-21,61.0,61.25,60.25,61.22
2016-04-24,61.25,62.0,61.0,61.5
2016-04-25,61.75,65.75,61.5,64.48
2016-04-26,63.0,64.5,62.75,62.97
2016-04-27,63.0,63.75,63.0,63.66
2016-04-28,63.5,64.25,63.25,63.67
2016-01-05,63.0,63.0,62.5,62.59
2016-02-05,62.5,63.25,62.5,63.13
2016-03-05,63.25,65.0,63.25,64.7
2016-04-05,64.0,64.75,63.25,63.47
2016-05-05,63.75,64.75,63.75,64.16
2016-08-05,64.25,65.25,63.5,63.61
2016-09-05,63.75,64.0,63.5,63.97
2016-10-05,63.75,63.75,63.25,63.4
2016-11-05,63.5,64.25,63.5,64.14
2016-12-05,64.0,64.5,64.0,64.25
2016-05-15,64.25,64.5,63.75,63.87
2016-05-16,63.75,64.5,63.75,64.04
2016-05-17,64.5,64.5,64.0,64.39
2016-05-18,64.25,65.0,64.25,64.32
2016-05-19,64.25,64.25,63.25,63.67
2016-05-22,63.75,64.0,63.5,63.61
2016-05-23,63.75,63.75,62.5,62.78
2016-05-24,62.75,63.5,62.75,63.11
2016-05-25,63.5,64.0,63.25,63.41
2016-05-26,63.5,63.75,63.25,63.31
2016-05-29,63.25,63.5,62.5,63.25
2016-05-30,63.5,63.5,62.25,62.59
2016-05-31,62.5,62.75,62.5,62.73
2016-01-06,62.5,62.75,62.25,62.5
2016-02-06,62.25,62.5,62.0,62.22
2016-05-06,62.5,62.75,62.0,62.1
2016-06-06,62.25,62.75,62.0,62.6
2016-07-06,62.5,63.0,62.5,62.75
2016-08-06,63.0,63.25,63.0,63.19
2016-09-06,63.0,63.0,62.75,62.91
2016-12-06,62.5,62.75,62.25,62.75
2016-06-13,62.5,63.0,62.5,62.94
2016-06-14,63.0,63.25,63.0,63.0
2016-06-15,63.0,64.0,63.0,63.94
2016-06-16,63.75,64.25,63.5,64.04
2016-06-19,64.25,64.75,63.75,63.83
2016-06-20,63.75,64.75,63.75,64.44
2016-06-21,64.25,64.75,64.0,64.59
2016-06-22,64.75,65.25,64.75,64.99
2016-06-23,64.75,65.5,64.5,65.02
2016-06-26,64.0,64.5,63.0,64.21
2016-06-27,64.5,65.0,64.0,64.94
2016-06-28,64.5,65.0,63.75,63.95
2016-06-29,64.0,64.25,64.0,64.17
2016-06-30,64.0,64.5,64.0,64.39
2016-10-07,64.5,64.75,64.25,64.74
2016-11-07,64.75,65.0,64.25,64.25
2016-12-07,64.5,64.75,64.25,64.5
2016-07-13,64.5,64.75,64.25,64.75
2016-07-14,64.5,65.0,64.5,64.58
2016-07-17,64.75,65.0,64.5,64.51
2016-07-18,65.0,65.0,64.25,64.52
2016-07-19,64.5,64.75,64.25,64.26
2016-07-20,64.25,64.5,64.0,64.25
2016-07-21,64.25,64.5,64.0,64.19
2016-07-24,64.25,64.25,62.75,63.0
2016-07-25,63.0,63.25,62.25,62.39
2016-07-26,62.25,62.75,62.0,62.11
2016-07-27,61.75,62.5,61.5,62.02
2016-07-28,62.25,63.0,62.0,62.18
2016-07-31,62.0,62.25,61.0,61.46
2016-01-08,61.5,61.5,60.25,60.7
2016-02-08,60.5,60.5,59.0,59.63
2016-03-08,59.75,60.75,59.25,60.57
2016-04-08,60.75,60.75,60.0,60.27
2016-07-08,60.0,60.5,59.5,60.25
2016-08-08,60.25,60.75,60.0,60.25
2016-09-08,60.5,60.75,60.0,60.64
2016-10-08,60.5,60.5,59.75,59.8
2016-11-08,60.0,60.0,59.5,59.76
2016-08-14,60.0,60.5,59.25,59.54
2016-08-15,59.75,59.75,59.0,59.37
2016-08-16,59.25,59.5,58.0,58.35
2016-08-17,58.5,58.5,57.0,57.28
2016-08-18,57.25,58.0,57.25,57.57
2016-08-21,57.75,58.0,56.75,57.44
2016-08-22,57.5,57.5,55.75,56.04
2016-08-23,55.75,57.0,55.5,56.73
2016-08-24,57.25,60.0,56.75,57.93
2016-08-25,57.0,58.0,56.75,57.78
2016-08-28,58.5,58.5,57.5,57.62
2016-08-29,57.25,57.5,56.75,56.95
2016-08-30,57.0,57.5,56.75,56.83
2016-08-31,57.25,58.25,56.75,58.07
2016-01-09,58.0,58.0,57.0,57.81
2016-04-09,58.0,58.0,57.5,57.98
2016-05-09,57.75,58.25,57.75,57.97
2016-06-09,58.0,58.25,57.75,57.75
2016-07-09,57.75,58.0,57.5,57.63
2016-08-09,57.75,58.0,57.5,57.74
2016-09-18,58.0,58.0,55.75,56.36
2016-09-19,56.5,56.5,54.25,55.0
2016-09-20,54.75,56.5,54.5,56.18
2016-09-21,56.25,57.5,56.25,56.95
2016-09-25,57.0,58.25,56.5,57.24
2016-09-26,57.25,57.25,57.0,57.22
2016-09-27,56.5,56.5,55.0,55.29
2016-09-28,55.25,55.75,52.0,53.99
2016-09-29,53.75,56.0,53.75,55.63
2016-02-10,0.0,0.0,0.0,55.63
2016-03-10,52.5,54.75,51.0,53.15
2016-04-10,53.25,55.75,52.25,53.85
2016-05-10,53.75,53.75,52.25,52.57
2016-06-10,53.0,54.25,52.5,54.14
2016-09-10,54.0,54.0,53.0,53.24
2016-10-10,52.75,54.75,52.5,54.59
2016-11-10,54.75,56.0,54.75,54.89
2016-12-10,55.25,55.25,54.0,54.52
2016-10-13,53.75,53.75,53.25,53.63
2016-10-16,53.5,53.5,52.5,53.51
2016-10-17,53.25,53.5,52.75,53.1
2016-10-18,53.25,53.25,52.75,53.03
2016-10-19,53.0,53.75,53.0,53.47
2016-10-20,53.5,55.25,53.5,54.89
2016-10-23,55.0,56.25,55.0,56.17
2016-10-24,56.5,57.75,56.25,57.56
2016-10-25,57.75,58.75,57.5,58.51
2016-10-26,58.0,59.25,57.25,58.73
2016-10-27,58.5,58.5,57.5,57.93
2016-10-30,57.75,58.25,57.5,57.76
2016-10-31,57.75,58.5,57.0,58.24
2016-01-11,58.0,59.0,57.5,58.77
2016-02-11,59.0,59.75,58.5,59.04
2016-03-11,59.0,61.25,59.0,60.3
2016-06-11,60.0,61.5,60.0,61.25
2016-07-11,61.0,62.5,61.0,62.29
2016-08-11,62.75,64.5,62.5,63.05
2016-09-11,62.0,64.25,60.25,63.43
2016-10-11,63.75,66.25,63.5,64.99
2016-11-13,64.75,66.75,64.0,66.54
2016-11-14,66.75,67.75,65.75,67.18
2016-11-15,66.5,66.75,64.75,65.47
2016-11-16,65.5,68.0,65.25,67.7
2016-11-17,67.25,68.0,66.5,67.69
2016-11-20,67.5,67.5,65.0,65.22
2016-11-21,65.25,65.5,63.0,63.23
2016-11-22,62.75,65.25,62.75,65.11
2016-11-23,64.5,69.5,64.5,68.63
2016-11-24,68.0,70.0,67.75,69.75
2016-11-27,70.0,71.25,69.5,71.02
2016-11-28,70.75,72.5,69.25,72.26
2016-11-29,71.25,73.0,71.25,72.5
2016-11-30,72.5,72.75,72.25,72.5
2016-01-12,73.0,73.0,72.5,72.5
2016-04-12,72.75,72.75,71.5,72.27
2016-05-12,71.0,72.75,71.0,72.5
2016-06-12,72.5,72.75,72.0,72.5
2016-07-12,72.25,72.75,72.25,72.5
2016-08-12,72.0,72.75,72.0,72.5
2016-11-12,72.75,72.75,72.25,72.5
2016-12-12,72.5,72.75,72.5,72.55
2016-12-13,72.25,72.75,72.25,72.53
2016-12-14,72.0,72.75,72.0,72.5
2016-12-15,72.25,72.75,72.25,72.5
2016-12-18,72.75,73.0,72.5,72.52
2016-12-19,72.25,73.0,72.25,72.6
2016-12-20,72.0,72.75,72.0,72.5
2016-12-21,72.5,73.0,72.5,72.72
2016-12-22,72.75,73.0,72.0,72.54
2016-12-25,72.75,73.0,72.5,72.5
2016-12-26,72.5,72.75,72.5,72.5
2016-12-27,72.5,72.75,72.5,72.53
2016-12-28,72.5,72.75,72.5,72.5
2016-12-29,72.75,72.75,72.5,72.55
2017-01-01,72.75,72.75,72.5,72.63
2017-02-01,72.5,73.75,72.5,73.43
2017-03-01,73.75,74.0,72.5,72.88
2017-04-01,72.75,73.0,72.5,72.58
2017-05-01,72.5,72.75,72.25,72.5
2017-08-01,72.75,72.75,72.0,72.23
2017-09-01,72.0,72.5,69.25,72.26
2017-10-01,72.25,72.25,70.0,70.62
2017-11-01,70.25,70.75,68.5,68.91
2017-12-01,69.0,69.0,67.5,68.07
2017-01-15,67.5,68.0,66.25,66.76
2017-01-16,67.0,67.0,66.0,66.31
2017-01-17,66.75,67.0,66.25,66.74
2017-01-18,66.5,67.25,65.5,66.74
2017-01-19,66.75,67.0,66.0,66.31
2017-01-22,66.5,67.75,66.5,67.23
2017-01-23,67.5,68.0,66.75,67.24
2017-01-24,67.25,68.75,67.25,68.5
2017-01-25,68.75,69.75,68.75,69.4
2017-01-26,69.5,69.75,69.0,69.19
2017-01-29,69.0,69.25,68.25,68.4
2017-01-30,68.75,68.75,67.5,67.72
2017-01-31,67.75,68.0,66.75,66.99
2017-01-02,67.0,67.5,66.75,66.86
2017-02-02,67.25,67.25,66.5,66.77
2017-05-02,67.0,67.0,65.75,66.04
2017-06-02,66.25,66.5,65.0,66.27
2017-07-02,66.25,66.5,65.75,66.0
2017-08-02,66.25,66.25,65.0,65.21
2017-09-02,65.25,65.5,64.75,64.91
2017-12-02,65.0,65.5,64.5,64.98
2017-02-13,65.0,65.25,64.75,64.97
2017-02-14,65.25,65.5,64.5,65.21
2017-02-15,65.0,65.25,64.75,64.84
2017-02-16,65.0,67.25,64.75,66.92
2017-02-19,67.25,67.75,66.75,66.86
2017-02-20,66.75,67.0,65.75,66.03
2017-02-21,66.25,66.75,65.75,66.24
2017-02-22,66.5,66.75,65.75,65.79
2017-02-23,65.5,65.75,65.25,65.5
2017-02-26,65.75,66.25,65.0,65.93
2017-02-27,65.75,66.0,65.0,65.04
2017-02-28,65.0,65.75,65.0,65.53
2017-01-03,65.5,65.75,65.0,65.26
2017-02-03,65.25,65.75,65.25,65.65
2017-05-03,65.75,66.0,65.5,65.97
2017-06-03,66.0,66.25,65.5,65.76
2017-07-03,66.0,66.0,65.25,65.75
2017-08-03,65.75,66.0,65.25,66.0
2017-09-03,65.5,65.75,65.25,65.75
2017-12-03,65.5,66.0,65.5,65.75
2017-03-13,65.75,66.0,65.5,65.66
2017-03-14,65.5,66.0,65.5,65.98
2017-03-15,66.0,66.5,66.0,66.48
2017-03-16,66.5,67.25,66.5,67.22
2017-03-19,67.25,67.75,67.0,67.69
2017-03-20,68.0,68.0,67.25,67.25
2017-03-21,67.5,67.5,67.0,67.0
2017-03-22,67.0,67.0,66.25,66.74
2017-03-23,66.75,67.25,66.25,67.05
2017-03-26,67.5,67.5,67.0,67.28
2017-03-27,67.25,67.25,66.75,67.24
2017-03-28,67.0,67.25,66.0,66.22
2017-03-29,66.25,67.0,66.25,66.47
2017-03-30,66.5,67.0,66.5,66.87
2017-02-04,66.75,67.0,66.25,66.49
2017-03-04,66.5,67.5,66.5,67.5
2017-04-04,67.5,68.25,67.25,68.19
2017-05-04,68.25,69.75,68.25,69.2
2017-06-04,69.5,70.5,69.5,70.01
2017-09-04,70.5,71.5,70.25,70.99
2017-10-04,70.5,71.5,70.0,71.0
2017-11-04,70.75,71.0,68.25,68.49
2017-12-04,68.25,70.0,68.25,69.72
2017-04-13,69.5,69.75,68.75,69.64
2017-04-16,69.5,69.5,68.75,69.04
2017-04-17,68.0,68.75,68.0,68.68
2017-04-18,68.5,68.75,68.0,68.14
2017-04-19,68.0,68.75,68.0,68.64
2017-04-20,67.5,68.5,67.25,68.46
2017-04-23,68.75,69.0,68.5,68.74
2017-04-24,68.5,68.75,68.25,68.57
2017-04-25,68.25,68.5,67.0,67.1
2017-04-26,67.25,67.75,67.0,67.23
2017-04-27,67.0,67.0,66.5,66.9
2017-04-30,67.0,67.25,66.75,67.25
2017-01-05,67.5,68.5,67.5,68.25
2017-02-05,68.5,68.5,68.25,68.5
2017-03-05,68.5,69.0,68.25,68.75
2017-04-05,68.75,69.0,68.0,68.4
2017-07-05,69.25,69.5,68.75,68.75
2017-08-05,69.0,69.5,69.0,69.11
2017-09-05,69.0,69.75,69.0,69.71
2017-10-05,69.5,69.75,69.25,69.63
2017-11-05,69.5,69.75,68.75,68.97
2017-05-14,68.25,68.25,67.5,68.0
2017-05-15,68.25,68.75,68.0,68.57
2017-05-16,68.75,69.25,68.5,69.2
2017-05-17,69.25,69.75,69.25,69.7
2017-05-18,69.5,69.75,69.25,69.71
2017-05-21,69.75,71.25,69.75,70.25
2017-05-22,70.5,70.75,69.75,69.96
2017-05-23,69.75,70.25,69.5,69.78
2017-05-24,69.5,70.0,69.0,69.17
2017-05-25,69.5,69.5,68.75,68.74
2017-05-28,68.75,68.75,67.25,67.51
2017-05-29,68.0,68.75,67.75,68.75
2017-05-30,68.75,69.25,68.75,69.17
2017-05-31,69.0,69.0,68.75,68.94
2017-01-06,68.75,69.0,68.75,68.75
2017-04-06,68.8,69.4,68.6,69.33
2017-05-06,69.5,70.0,68.6,69.87
2017-06-06,69.5,71.0,69.5,69.98
2017-07-06,70.0,70.9,69.6,70.35
2017-08-06,70.1,70.4,70.0,70.0
2017-11-06,69.7,70.2,69.6,69.68
2017-12-06,69.5,69.8,69.4,69.72
2017-06-13,69.8,69.8,69.5,69.61
2017-06-14,69.6,69.8,69.2,69.31
2017-06-15,69.1,70.0,69.0,69.96
2017-06-18,70.0,70.2,69.4,69.64
2017-06-19,70.0,74.0,70.0,71.6
2017-06-20,72.0,72.5,70.5,70.61
2017-06-21,70.9,75.9,70.9,74.91
2017-06-22,75.0,77.3,73.5,77.04
2017-02-07,76.0,78.9,74.2,76.05
2017-03-07,76.3,77.0,74.2,76.95
2017-04-07,76.4,76.8,74.8,74.92
2017-05-07,75.0,75.1,74.3,74.76
2017-06-07,74.8,74.8,74.0,73.99
2017-09-07,74.0,74.2,73.1,73.35
2017-10-07,73.4,74.3,73.0,73.06
2017-11-07,73.1,73.8,72.9,73.51
2017-12-07,73.5,74.0,73.5,73.89
2017-07-13,73.7,74.4,73.6,73.99
2017-07-16,74.0,74.3,74.0,74.1
2017-07-17,74.3,74.4,73.9,74.03
2017-07-18,74.1,74.3,73.9,74.19
2017-07-19,74.0,74.3,73.9,73.99
2017-07-20,74.2,75.4,74.2,75.26
2017-07-23,75.5,75.5,74.2,74.65
2017-07-24,74.7,74.7,73.7,73.76
2017-07-25,73.9,74.7,73.9,74.3
2017-07-26,74.1,74.6,74.1,74.22
2017-07-27,74.2,74.7,73.7,73.95
2017-07-30,73.9,74.3,73.6,73.67
2017-07-31,73.6,74.2,73.5,74.06
2017-01-08,73.1,73.5,72.6,72.75
2017-02-08,72.8,73.0,72.5,72.59
2017-03-08,72.6,72.6,72.3,72.4
2017-06-08,72.4,72.6,72.3,72.5
2017-07-08,72.5,74.0,72.5,73.85
2017-08-08,73.9,74.1,73.7,73.96
2017-09-08,73.7,73.7,73.0,73.09
2017-10-08,73.1,73.2,72.7,72.91
2017-08-13,72.7,73.9,72.6,73.59
2017-08-14,74.0,74.0,73.3,73.58
2017-08-15,73.4,73.7,73.4,73.49
2017-08-16,73.4,73.9,73.2,73.88
2017-08-17,73.5,73.9,73.5,73.73
2017-08-20,73.5,74.2,73.5,74.1
2017-08-21,74.4,75.1,74.3,74.58
2017-08-22,75.0,75.1,74.5,74.97
2017-08-23,74.5,75.2,74.5,75.03
2017-08-24,75.1,75.1,74.8,74.86
2017-08-27,74.8,75.1,74.8,75.06
2017-08-28,75.0,75.2,75.0,75.04
2017-08-29,75.0,75.3,74.5,75.06
2017-06-09,75.2,75.5,75.0,75.33
2017-07-09,75.3,75.5,75.1,75.33
2017-10-09,75.5,75.5,75.3,75.47
2017-11-09,75.3,75.7,75.1,75.33
2017-12-09,75.2,75.4,75.2,75.3
2017-09-13,75.2,75.4,75.2,75.2
2017-09-14,75.0,75.0,72.3,72.53
2017-09-17,72.1,72.1,70.9,71.02
2017-09-18,71.0,72.2,71.0,71.71
2017-09-19,71.8,72.2,71.8,72.03
2017-09-20,72.0,72.1,71.5,71.58
2017-09-21,72.0,72.1,71.2,71.32
2017-09-25,71.3,71.3,70.2,70.33
2017-09-26,70.4,70.9,69.0,69.3
2017-09-27,69.1,70.7,69.1,70.0
2017-09-28,70.1,70.9,69.8,70.77
2017-01-10,70.7,70.7,70.0,70.43
2017-02-10,70.2,70.7,70.1,70.22
2017-03-10,70.2,70.7,70.0,70.41
2017-04-10,70.8,70.8,70.4,70.56
2017-05-10,70.9,70.9,70.2,70.48
2017-08-10,70.3,70.5,70.0,70.2
2017-09-10,70.1,70.3,67.2,68.01
2017-10-10,69.9,69.9,68.2,68.93
2017-11-10,68.7,69.2,68.0,69.12
2017-12-10,69.4,70.7,69.2,70.57
2017-10-15,70.5,70.5,69.5,69.76
2017-10-16,69.3,69.8,68.6,68.83
2017-10-17,68.8,68.9,68.4,68.62
2017-10-18,68.9,69.1,68.6,68.61
2017-10-19,68.7,68.7,68.3,68.6
2017-10-22,68.6,68.7,68.1,68.23
2017-10-23,68.1,68.2,66.8,67.09
2017-10-24,66.5,67.4,66.5,67.21
2017-10-25,67.0,68.2,67.0,68.01
2017-10-26,67.8,67.8,65.1,65.23
2017-10-29,67.0,68.1,67.0,67.59
2017-10-30,67.8,68.3,67.8,68.03
2017-10-31,68.1,68.3,67.0,67.92
2017-01-11,67.6,67.9,67.4,67.7
2017-02-11,67.7,67.9,67.1,67.3
2017-05-11,66.0,67.8,65.1,67.6
2017-06-11,67.0,68.0,66.4,67.9
2017-07-11,67.5,69.2,67.3,68.83
2017-08-11,69.1,70.2,68.2,69.87
2017-09-11,70.0,70.0,68.8,69.82
2017-12-11,69.1,70.0,68.6,69.75
2017-11-13,69.2,70.0,69.1,69.91
2017-11-14,69.5,70.1,69.5,69.76
2017-11-15,70.0,70.0,69.1,69.4
2017-11-16,69.1,69.8,68.8,69.53
2017-11-19,69.8,69.8,69.1,69.3
2017-11-20,69.2,69.5,69.2,69.46
2017-11-21,69.3,69.3,68.8,68.8
2017-11-22,68.6,69.4,68.6,68.81
2017-11-23,69.0,69.0,68.2,68.36
2017-11-26,68.6,68.8,68.4,68.6
2017-11-27,68.4,68.8,68.3,68.55
2017-11-28,68.6,69.0,68.5,68.9
2017-11-29,68.9,69.2,68.7,69.05
2017-11-30,68.8,69.0,68.7,68.8
2017-03-12,68.9,69.9,68.9,69.82
2017-04-12,69.8,70.3,69.8,70.13
2017-05-12,70.0,70.0,69.7,69.8
2017-06-12,69.9,69.9,69.5,69.58
2017-07-12,69.2,69.9,69.2,69.52
2017-10-12,69.6,69.6,68.6,68.89
2017-11-12,68.8,68.9,68.5,68.75
2017-12-12,68.8,69.1,68.5,68.72
2017-12-13,68.9,68.9,68.3,68.42
2017-12-14,68.5,68.7,68.0,68.05
2017-12-17,68.4,68.4,68.1,68.2
2017-12-18,68.3,69.0,68.1,68.87
2017-12-19,69.0,69.1,68.5,68.66
2017-12-20,68.9,68.9,68.4,68.68
2017-12-21,68.6,68.9,68.4,68.7
2017-12-24,68.7,69.1,68.6,68.7
2017-12-25,68.8,68.9,68.6,68.78
2017-12-26,69.0,69.0,68.5,68.6
2017-12-27,68.5,68.7,68.4,68.7
2017-12-28,68.7,68.7,68.4,68.64
2017-12-31,68.6,68.7,68.5,68.6
2018-01-01,68.5,68.5,68.1,68.17
2018-02-01,68.2,68.2,66.9,67.07
2018-03-01,67.5,67.5,66.9,67.46
2018-04-01,67.6,67.7,67.2,67.58
2018-07-01,67.5,68.4,67.0,68.01
2018-08-01,68.1,68.3,68.0,68.0
2018-09-01,67.9,68.3,67.8,67.99
2018-10-01,67.8,67.8,67.4,67.58
2018-11-01,67.6,68.3,67.5,68.21
2018-01-14,68.5,69.7,68.5,69.12
2018-01-15,69.3,69.8,69.2,69.55
2018-01-16,69.7,70.9,69.6,70.83
2018-01-17,70.7,70.8,69.8,70.05
2018-01-18,70.0,70.8,70.0,70.55
2018-01-21,70.6,70.7,70.4,70.69
2018-01-22,70.3,70.7,70.3,70.45
2018-01-23,70.3,70.7,70.3,70.65
2018-01-24,70.7,70.7,70.5,70.64
2018-01-25,70.7,71.7,70.7,71.62
2018-01-28,72.0,73.5,72.0,73.01
2018-01-29,72.9,73.1,72.6,72.65
2018-01-30,72.9,73.0,72.3,72.64
2018-01-31,72.7,73.8,72.7,73.49
2018-01-02,73.9,74.1,73.3,73.78
2018-04-02,73.1,74.1,73.1,73.61
2018-05-02,73.7,74.1,72.8,73.49
2018-06-02,73.0,73.5,72.5,72.62
2018-07-02,72.9,73.6,72.2,73.06
2018-08-02,72.6,73.4,72.6,72.75
2018-11-02,72.2,73.0,72.2,72.9
2018-12-02,73.0,73.6,72.9,72.95
2018-02-13,72.9,73.0,72.4,72.96
2018-02-14,73.0,73.8,72.9,73.78
2018-02-15,73.9,75.0,73.9,74.84
2018-02-18,74.3,76.0,74.3,75.94
2018-02-19,75.8,75.8,74.4,75.76
2018-02-20,75.8,76.4,75.7,76.3
2018-02-21,76.0,76.0,75.8,75.8
2018-02-22,75.7,76.0,74.0,75.83
2018-02-25,75.3,76.1,75.3,75.77
2018-02-26,75.4,76.1,75.4,75.66
2018-02-27,75.5,76.2,74.8,76.14
2018-02-28,76.2,76.2,75.6,75.92
2018-01-03,75.7,76.1,75.5,75.95
2018-04-03,75.9,77.7,75.8,77.43
2018-05-03,76.6,77.3,75.9,76.18
2018-06-03,76.3,77.4,76.3,77.22
2018-07-03,77.3,78.3,76.9,78.01
2018-08-03,77.4,79.5,77.4,79.32
2018-11-03,79.3,84.0,79.3,82.92
2018-12-03,82.4,83.8,82.0,82.38
2018-03-13,83.0,83.4,82.7,82.92
2018-03-14,82.8,83.1,82.5,82.98
2018-03-15,83.0,83.8,82.3,83.18
2018-03-18,83.0,83.0,82.0,82.27
2018-03-19,82.0,82.2,79.5,80.16
2018-03-20,79.9,80.4,78.2,78.46
2018-03-21,78.8,79.3,78.0,78.66
2018-03-22,79.2,82.9,79.1,81.81
2018-03-25,81.0,83.9,80.9,83.69
2018-03-26,83.7,85.0,83.4,84.88
2018-03-27,84.2,85.0,84.2,84.94
2018-03-28,84.9,84.9,82.5,83.04
2018-03-29,83.2,83.7,82.5,82.86
2018-01-04,82.8,82.8,81.7,81.95
2018-02-04,81.6,81.6,80.7,80.99
2018-03-04,80.9,81.9,79.9,81.32
2018-04-04,81.3,84.0,81.3,83.41
2018-05-04,82.7,84.9,82.6,83.31
2018-08-04,83.0,83.3,82.8,83.0
2018-09-04,83.0,84.9,82.8,84.51
2018-10-04,84.1,84.4,83.7,83.91
2018-11-04,84.2,84.5,82.0,82.81
2018-12-04,82.0,83.4,82.0,82.55
2018-04-15,83.5,83.7,82.4,83.33
2018-04-16,83.3,83.7,82.8,83.34
2018-04-17,83.6,84.5,83.4,84.24
2018-04-18,84.3,85.0,84.3,84.97
2018-04-19,85.0,86.0,84.6,84.7
2018-04-22,84.6,84.7,83.0,83.22
2018-04-23,83.7,85.0,83.7,84.53
2018-04-24,84.9,85.0,84.5,84.62
2018-04-25,84.8,84.9,83.2,83.51
2018-04-26,83.5,83.5,82.6,82.89
2018-04-29,82.6,82.9,82.1,82.38
2018-04-30,82.4,83.0,82.2,82.73
2018-01-05,82.5,83.0,82.3,82.95
2018-02-05,82.8,83.6,82.7,83.34
2018-03-05,83.4,83.9,82.3,83.38
2018-06-05,83.9,83.9,83.3,83.44
2018-07-05,83.4,84.3,83.3,84.09
2018-08-05,83.0,83.0,82.2,82.55
2018-09-05,82.9,82.9,79.2,79.57
2018-10-05,80.2,80.9,78.5,80.24
2018-05-13,81.0,83.0,81.0,82.83
2018-05-14,82.5,84.0,82.5,83.9
2018-05-15,84.0,84.6,83.0,83.26
2018-05-16,83.0,83.0,82.2,82.55
2018-05-17,82.2,83.3,82.2,82.74
2018-05-20,82.8,83.4,82.3,82.47
2018-05-21,82.4,83.5,82.4,83.3
2018-05-22,83.1,85.8,83.1,84.58
2018-05-23,84.6,86.5,84.5,85.97
2018-05-24,85.7,86.5,84.9,86.44
2018-05-27,86.5,87.3,86.0,87.1
2018-05-28,87.1,88.3,86.0,87.6
2018-05-29,87.6,87.9,87.4,87.9
2018-05-30,87.9,87.9,87.2,87.8
2018-05-31,87.8,89.5,87.7,88.6
2018-03-06,88.8,92.0,88.8,91.4
2018-04-06,91.9,93.4,91.1,92.7
2018-05-06,92.0,92.7,91.3,92.0
2018-06-06,91.4,92.8,91.0,91.8
2018-07-06,91.5,91.5,89.1,89.5
2018-10-06,89.5,89.5,86.4,88.2
2018-11-06,88.2,89.8,87.0,87.1
2018-12-06,87.4,87.6,87.0,87.6
2018-06-20,87.0,88.1,86.0,86.4
2018-06-21,86.8,87.8,85.2,87.5
2018-06-24,87.7,89.9,87.7,89.9
2018-06-25,88.6,90.0,88.6,90.0
2018-06-26,89.9,90.0,88.8,89.3
2018-06-27,89.1,89.6,89.0,89.3
2018-06-28,89.2,89.9,89.2,89.7
2018-01-07,89.5,90.2,89.4,90.0
2018-02-07,89.5,90.0,88.6,89.3
2018-03-07,89.0,89.3,88.7,89.1
2018-04-07,89.0,89.5,88.4,89.2
2018-05-07,89.1,89.5,88.4,88.4
2018-08-07,88.1,88.3,86.3,86.3
2018-09-07,86.7,86.7,85.5,86.0
2018-10-07,86.7,87.4,86.1,87.0
2018-11-07,87.5,87.5,86.4,86.9
2018-12-07,87.2,87.2,86.7,87.0
2018-07-15,87.5,87.6,87.1,87.2
2018-07-16,87.2,88.4,87.2,88.4
2018-07-17,87.5,88.5,87.3,88.0
2018-07-18,87.6,88.1,87.5,87.9
2018-07-19,88.0,88.3,87.6,87.6
2018-07-22,87.3,88.2,87.3,87.5
2018-07-23,87.5,88.1,87.5,87.6
2018-07-24,87.7,88.6,87.5,88.1
2018-07-25,88.7,88.7,87.5,87.5
2018-07-26,87.1,87.4,86.6,86.8
2018-07-29,87.0,87.5,86.8,86.9
2018-07-30,86.9,87.3,86.7,86.9
2018-07-31,87.2,87.2,86.4,86.5
2018-01-08,86.4,86.5,85.5,86.0
2018-02-08,86.0,86.3,85.5,86.3
2018-05-08,86.0,86.0,85.4,85.7
2018-06-08,85.6,86.0,85.3,85.5
2018-07-08,85.4,86.0,85.4,86.0
2018-08-08,85.6,86.1,85.5,85.6
2018-09-08,85.6,85.7,85.1,85.2
2018-12-08,85.2,85.2,83.5,83.7
2018-08-13,83.5,83.5,80.5,81.6
2018-08-14,80.8,85.6,79.3,80.0
2018-08-15,80.2,80.4,78.7,79.0
2018-08-16,79.0,79.1,78.0,78.4
2018-08-26,80.2,81.6,79.5,81.2
2018-08-27,81.5,84.9,81.5,81.6
2018-08-28,81.7,83.3,81.7,83.1
2018-08-29,83.2,83.2,80.5,82.2
2018-08-30,81.6,82.5,80.8,82.5
2018-02-09,81.9,81.9,81.4,81.7
2018-03-09,81.9,83.0,81.8,83.0
2018-04-09,82.6,84.2,82.6,83.9
2018-05-09,83.9,83.9,81.1,81.1
2018-06-09,81.1,82.3,79.4,80.2
2018-09-09,80.3,82.0,80.2,82.0
2018-10-09,82.0,83.0,82.0,82.8
2018-11-09,82.1,83.2,82.1,82.7
2018-12-09,82.5,83.3,82.3,83.0
2018-09-13,83.0,83.0,81.8,81.8
2018-09-16,82.0,82.2,80.5,80.9
2018-09-17,81.0,82.2,80.2,81.5
2018-09-18,81.7,82.2,80.8,81.9
2018-09-19,82.0,82.5,81.6,81.9
2018-09-20,82.0,82.7,81.6,82.0
2018-09-25,82.5,84.3,82.0,84.0
2018-09-26,84.0,84.6,83.9,84.4
2018-09-27,83.2,84.9,83.2,84.3
2018-09-30,84.5,87.2,84.5,85.5
2018-01-10,86.4,86.4,85.1,85.4
2018-02-10,85.4,85.6,84.1,85.0
2018-03-10,85.0,85.0,84.1,85.0
2018-04-10,84.5,84.6,84.0,84.2
2018-07-10,84.2,84.2,82.3,82.5
2018-08-10,82.5,84.0,82.5,83.8
2018-09-10,83.8,84.0,82.8,83.3
2018-10-10,83.0,83.1,82.1,82.5
2018-11-10,82.2,82.2,79.1,81.0
2018-10-14,80.0,80.1,74.5,76.0
2018-10-15,77.0,79.6,77.0,79.4
2018-10-16,79.0,83.6,75.7,83.6
2018-10-17,82.2,83.0,81.5,81.5
2018-10-18,82.4,83.0,81.0,83.0
2018-10-21,81.0,84.2,80.3,84.2
2018-10-22,83.7,86.0,81.5,86.0
2018-10-23,85.0,85.2,83.1,83.1
2018-10-24,83.2,83.5,81.2,81.3
2018-10-25,82.6,86.4,82.6,86.2
2018-10-28,86.2,86.2,84.5,85.5
2018-10-29,85.0,86.2,85.0,86.0
2018-10-30,85.0,85.0,84.2,85.0
2018-10-31,85.0,85.5,85.0,85.4
2018-01-11,85.0,85.3,84.5,85.1
2018-04-11,84.9,84.9,84.2,84.3
2018-05-11,84.2,84.2,83.3,83.4
2018-06-11,83.1,84.3,83.1,84.0
2018-07-11,84.0,84.0,83.3,83.5
2018-08-11,83.5,83.5,82.8,83.0
2018-11-11,83.2,83.2,81.9,83.0
2018-12-11,83.0,83.6,82.9,83.6
2018-11-13,83.0,83.9,82.9,83.5
2018-11-14,82.9,83.0,81.9,83.0
2018-11-15,82.9,83.5,82.6,83.5
2018-11-18,83.0,83.0,80.9,80.9
2018-11-19,81.3,82.0,80.9,81.9
2018-11-20,81.5,81.7,80.8,80.8
2018-11-21,80.5,81.1,80.4,81.0
2018-11-22,80.9,82.0,80.8,81.5
2018-11-25,81.4,81.4,80.0,80.4
2018-11-26,81.0,81.2,80.4,80.9
2018-11-27,80.6,80.9,80.6,80.8
2018-11-28,81.0,82.0,81.0,82.0
2018-11-29,82.0,83.0,82.0,83.0
2018-02-12,83.0,84.8,83.0,84.6
2018-03-12,84.9,85.1,83.9,85.0
2018-04-12,84.5,84.9,83.9,84.0
2018-05-12,83.5,84.5,82.8,84.5
2018-06-12,84.1,84.7,83.6,84.7
2018-09-12,83.9,84.9,83.9,84.0
2018-10-12,84.7,84.7,83.7,84.5
2018-11-12,84.4,84.8,83.7,84.3
2018-12-12,84.8,84.9,84.5,84.9
2018-12-13,84.9,86.8,84.5,86.6
2018-12-16,86.6,88.2,86.6,87.7
2018-12-17,90.0,93.5,90.0,90.5
2018-12-18,90.5,91.3,89.7,91.1
2018-12-19,91.0,91.3,90.8,91.1
2018-12-20,90.9,90.9,89.9,90.9
2018-12-23,90.9,91.1,89.2,90.5
2018-12-24,90.4,91.9,90.4,91.5
2018-12-25,91.0,91.5,90.5,91.1
2018-12-26,90.8,91.0,90.6,90.7
2018-12-27,90.9,91.5,90.8,91.5
2018-12-30,91.8,92.0,91.5,91.8
2018-12-31,91.8,92.0,91.4,91.8
2019-01-01,91.6,91.8,91.2,91.5
2019-02-01,91.9,93.4,91.5,93.0
2019-03-01,93.4,95.6,93.0,95.0
2019-06-01,94.9,95.5,94.5,95.0
2019-07-01,95.0,96.0,94.9,96.0
2019-08-01,95.6,95.8,95.1,95.1
2019-09-01,95.5,97.6,95.0,97.6
2019-10-01,97.8,98.5,97.6,98.5
2019-01-13,98.5,98.6,97.5,98.2
2019-01-14,97.9,98.2,97.3,98.0
2019-01-15,97.3,98.5,97.3,98.0
2019-01-16,98.0,98.5,97.7,98.2
2019-01-17,97.5,99.5,97.5,99.5
2019-01-20,99.6,99.6,98.7,98.7
2019-01-21,98.6,100.0,97.7,100.0
2019-01-22,99.8,103.8,99.7,102.0
2019-01-23,102.0,102.8,101.0,102.0
2019-01-24,102.0,102.2,101.2,102.2
2019-01-27,102.0,102.4,101.4,102.0
2019-01-28,101.8,102.2,101.2,102.2
2019-01-29,102.0,102.2,100.0,101.2
2019-01-30,101.2,101.6,100.6,100.6
2019-01-31,100.6,101.2,99.9,100.4
2019-03-02,100.8,100.8,99.7,99.8
2019-04-02,100.8,101.0,99.7,99.9
2019-05-02,99.8,100.0,99.6,99.9
2019-06-02,100.6,100.6,99.5,100.0
2019-07-02,100.0,100.2,99.1,99.6
2019-10-02,100.0,100.0,99.0,99.5
2019-11-02,99.8,100.0,99.3,99.4
2019-12-02,99.1,99.8,99.1,99.5
2019-02-13,99.7,101.8,99.7,101.4
2019-02-14,102.0,102.0,100.6,102.0
2019-02-17,101.2,101.6,101.0,101.2
2019-02-18,101.2,101.4,100.6,100.6
2019-02-19,100.6,100.6,98.8,99.1
2019-02-20,99.2,100.2,99.2,100.2
2019-02-21,99.8,100.4,99.0,100.4
2019-02-24,100.0,100.6,99.9,100.0
2019-02-25,100.0,100.0,99.2,99.2
2019-02-26,99.2,100.6,99.2,100.6
2019-02-27,100.8,100.8,100.0,100.4
2019-02-28,100.0,100.0,99.4,99.4
2019-03-03,99.8,99.8,99.3,99.6
2019-04-03,99.7,100.0,99.5,100.0
2019-05-03,99.9,100.0,99.8,99.9
2019-06-03,99.7,100.0,99.4,99.8
2019-07-03,99.4,100.2,99.4,100.0
2019-10-03,99.8,100.2,99.3,99.8
2019-11-03,100.0,100.0,99.5,99.7
2019-12-03,99.6,100.4,99.6,100.4
2019-03-13,100.4,103.0,100.4,102.6
2019-03-14,102.8,104.8,102.0,103.6
2019-03-17,103.2,103.8,102.4,102.8
2019-03-18,103.0,106.0,102.4,106.0
2019-03-19,105.4,107.4,105.2,106.4
2019-03-20,105.8,106.8,105.0,106.0
2019-03-21,106.0,106.6,105.2,106.0
2019-03-24,105.4,106.6,105.4,106.0
2019-03-25,106.4,108.0,105.2,107.0
2019-03-26,107.0,107.6,106.4,106.6
2019-03-27,107.0,108.0,106.6,107.0
2019-03-28,107.0,108.0,107.0,107.2
2019-03-31,106.6,108.0,106.6,107.6
2019-01-04,108.0,108.8,107.4,108.6
2019-02-04,108.6,109.8,108.6,109.6
2019-03-04,109.8,110.8,109.2,110.8
2019-04-04,110.8,111.8,110.6,111.6
2019-07-04,110.2,111.8,109.2,109.6
2019-08-04,109.6,110.8,109.6,110.4
2019-09-04,110.4,110.8,109.6,110.2
2019-10-04,110.2,110.6,109.0,110.6
2019-11-04,110.8,111.2,110.0,110.6
2019-04-14,110.4,111.0,109.6,110.4
2019-04-15,110.6,110.8,108.0,109.8
2019-04-16,109.2,110.6,109.2,110.4
2019-04-17,110.8,112.0,110.4,111.0
2019-04-18,111.6,112.0,110.8,112.0
2019-04-21,112.0,114.4,112.0,114.4
2019-04-22,114.4,115.0,113.2,114.4
2019-04-23,115.0,115.8,114.8,115.2
2019-04-24,115.4,115.6,114.0,114.6
2019-04-25,112.4,112.8,111.4,112.6
2019-04-28,112.2,113.4,111.4,113.0
2019-04-29,113.0,113.8,111.8,113.0
2019-04-30,113.2,114.6,113.2,114.6
2019-01-05,114.0,116.6,114.0,115.4
2019-02-05,115.0,117.4,115.0,117.0
2019-05-05,117.0,117.0,115.0,115.4
2019-06-05,115.0,115.0,110.0,113.0
2019-07-05,113.0,115.2,112.0,112.0
2019-08-05,112.6,114.8,112.2,113.8
2019-09-05,114.4,114.6,108.2,109.4
2019-12-05,109.6,109.6,104.4,105.0
2019-05-13,103.0,105.0,98.8,99.2
2019-05-14,98.8,102.6,94.0,97.0
2019-05-15,100.0,100.0,98.0,98.0
2019-05-16,99.0,103.0,98.4,103.0
2019-05-19,103.0,104.0,101.6,102.8
2019-05-20,102.0,104.4,100.4,102.4
2019-05-21,102.8,106.0,102.4,106.0
2019-05-22,106.0,108.4,106.0,107.0
2019-05-23,106.8,107.0,102.6,104.2
2019-05-26,104.0,105.2,100.2,102.0
2019-05-27,101.6,103.4,98.3,101.6
2019-05-28,101.6,104.4,99.4,101.4
2019-05-29,100.0,101.6,97.2,98.8
2019-05-30,98.0,100.6,98.0,100.6
2019-09-06,101.8,105.0,101.4,104.0
2019-10-06,104.6,110.0,104.4,110.0
2019-11-06,110.0,114.0,109.8,114.0
2019-12-06,113.6,114.0,112.2,113.4
2019-06-13,113.4,113.4,109.4,109.8
2019-06-16,111.0,111.6,109.2,111.0
2019-06-17,111.0,114.2,110.8,111.0
2019-06-18,112.0,112.4,108.4,110.0
2019-06-19,110.6,111.0,109.4,110.0
2019-06-20,110.0,111.4,108.2,110.0
2019-06-23,109.4,110.0,106.6,106.8
2019-06-24,106.2,107.2,102.0,102.8
2019-06-25,103.0,104.2,100.4,104.2
2019-06-26,104.0,104.6,101.8,102.0
2019-06-27,102.4,104.2,101.8,104.2
2019-06-30,104.4,106.6,103.4,103.8
2019-01-07,104.4,104.6,102.4,103.2
2019-02-07,103.6,104.0,102.6,104.0
2019-03-07,103.2,104.6,103.2,104.6
2019-04-07,104.2,104.6,104.0,104.6
2019-07-07,104.8,104.8,104.0,104.6
2019-08-07,104.2,104.8,103.6,104.4
2019-09-07,104.4,106.4,104.0,105.6
2019-10-07,105.8,106.2,104.6,105.6
2019-11-07,105.8,106.0,105.0,105.6
2019-07-14,105.8,107.8,105.2,107.6
2019-07-15,107.8,109.4,106.4,109.2
2019-07-16,109.0,112.2,109.0,112.0
2019-07-17,112.0,113.2,111.6,113.0
2019-07-18,113.0,113.0,110.0,111.2
2019-07-21,109.2,111.2,109.0,111.0
2019-07-22,111.2,111.4,109.6,109.6
2019-07-23,111.0,111.4,108.2,108.2
2019-07-24,109.0,109.6,107.0,108.0
2019-07-25,108.4,109.0,107.2,109.0
2019-07-28,109.0,110.4,108.8,110.2
2019-07-29,110.6,110.6,108.0,108.8
2019-07-30,107.8,109.4,107.6,109.2
2019-07-31,109.0,110.0,108.0,108.0
2019-01-08,108.0,109.0,108.0,108.6
2019-04-08,107.6,108.6,106.8,107.8
2019-05-08,108.0,108.4,106.4,108.0
2019-06-08,107.0,108.6,105.8,108.4
2019-07-08,109.0,110.2,109.0,110.0
2019-08-08,109.2,110.8,109.2,110.0
2019-08-18,109.8,110.0,109.2,109.4
2019-08-19,110.0,113.0,109.8,112.0
2019-08-20,111.6,113.2,111.6,112.8
2019-08-21,112.8,113.0,111.8,112.4
2019-08-22,112.8,112.8,106.8,108.0
2019-08-25,108.0,108.0,105.0,105.2
2019-08-26,105.6,107.0,104.8,106.0
2019-08-27,106.6,107.4,99.2,103.8
2019-08-28,101.6,103.6,100.4,100.4
2019-08-29,100.6,102.0,98.6,99.0
2019-01-09,99.0,100.2,98.5,98.8
2019-02-09,99.0,100.0,96.8,100.0
2019-03-09,100.0,102.0,99.7,100.8
2019-04-09,100.8,104.0,100.8,104.0
2019-05-09,104.2,105.2,102.4,103.0
2019-08-09,103.6,103.6,102.4,103.2
2019-09-09,103.2,105.4,102.4,104.6
2019-10-09,104.2,104.2,102.0,103.8
2019-11-09,103.2,103.2,99.0,101.0
2019-12-09,100.8,101.0,99.8,99.8
2019-09-15,98.0,99.2,97.1,99.0
2019-09-16,99.0,101.4,99.0,101.0
2019-09-17,100.6,101.4,99.9,101.4
2019-09-18,101.6,102.4,100.8,102.0
2019-09-19,102.8,105.0,101.2,105.0
2019-09-22,104.0,105.2,102.8,103.8
2019-09-24,103.8,106.4,103.4,106.4
2019-09-25,106.4,106.8,104.8,105.6
2019-09-26,105.4,107.0,105.0,106.8
2019-09-29,107.0,107.2,106.4,107.2
2019-09-30,107.2,108.8,107.2,108.8
2019-01-10,108.6,110.0,108.2,108.4
2019-02-10,109.4,109.4,105.4,105.8
2019-03-10,105.6,105.6,103.8,104.2
2019-06-10,105.6,105.6,104.6,105.0
2019-07-10,105.0,105.0,102.6,102.6
2019-08-10,102.6,103.4,100.6,102.4
2019-09-10,101.4,101.8,100.4,100.6
2019-10-10,100.4,101.2,100.2,101.0
2019-10-13,100.6,101.6,100.0,100.0
2019-10-14,100.0,100.8,99.4,99.6
2019-10-15,99.6,99.7,99.2,99.3
2019-10-16,99.5,100.2,98.2,99.2
2019-10-17,99.5,100.2,99.0,99.9
2019-10-20,101.2,103.4,101.2,102.0
2019-10-21,102.2,102.2,100.4,101.0
2019-10-22,101.6,102.8,100.6,101.0
2019-10-23,101.0,101.2,99.7,100.2
2019-10-24,100.2,100.4,99.4,99.7
2019-10-27,99.9,100.4,99.2,99.3
2019-10-28,99.6,99.6,98.6,99.0
2019-10-29,98.6,98.8,96.0,97.6
2019-10-30,96.6,97.6,96.1,97.5
2019-10-31,97.5,97.5,95.6,95.8
2019-03-11,95.4,95.4,93.5,94.1
2019-04-11,94.0,95.0,93.5,95.0
2019-05-11,95.0,97.4,94.7,96.7
2019-06-11,97.0,97.0,96.0,96.5
2019-07-11,96.2,97.4,95.7,96.0
2019-10-11,96.8,98.1,95.9,95.9
2019-11-11,95.9,96.4,95.4,96.0
2019-12-11,96.1,98.5,96.0,97.7
2019-11-13,97.8,98.5,96.6,97.0
2019-11-14,97.0,100.2,96.6,99.0
2019-11-17,99.2,99.2,97.5,98.0
2019-11-18,98.7,99.1,98.0,98.8
2019-11-19,98.9,100.2,98.0,99.5
2019-11-20,100.0,100.6,99.6,100.0
2019-11-21,100.2,100.2,99.0,99.7
2019-11-24,99.9,99.9,97.2,97.8
2019-11-25,97.8,98.4,95.9,95.9
2019-11-26,96.1,96.4,94.6,94.6
2019-11-27,95.0,95.0,92.8,93.9
2019-11-28,93.9,93.9,92.6,93.2
2019-01-12,93.2,94.1,92.8,93.0
2019-02-12,93.0,93.2,91.1,91.4
2019-03-12,91.4,92.4,91.1,92.3
2019-04-12,92.3,93.0,91.9,93.0
2019-05-12,93.0,94.5,92.5,94.4
2019-08-12,94.4,97.4,94.4,97.3
2019-09-12,96.6,99.8,96.6,98.5
2019-10-12,98.6,100.0,96.4,99.7
2019-11-12,99.6,100.2,99.2,99.5
2019-12-12,99.8,99.8,97.6,98.0
2019-12-15,99.5,99.5,98.2,99.0
2019-12-16,99.0,102.2,98.6,99.1
2019-12-17,100.0,101.2,99.0,101.2
2019-12-18,100.8,101.4,99.6,101.4
2019-12-19,101.4,102.0,100.4,102.0
2019-12-22,101.8,103.2,101.4,102.6
2019-12-23,102.6,104.8,102.2,104.8
2019-12-24,104.8,105.2,104.0,104.4
2019-12-25,104.4,104.4,102.0,102.2
2019-12-26,102.0,102.2,101.0,101.4
2019-12-29,101.2,103.6,101.0,102.0
2019-12-30,101.8,102.8,100.2,100.2
2019-12-31,100.0,101.8,99.8,101.8
2020-01-01,101.6,102.2,100.8,100.8
2020-02-01,100.8,101.8,100.6,101.4
2020-05-01,96.4,99.9,96.4,98.3
2020-06-01,98.3,99.1,97.1,97.7
2020-07-01,98.6,99.1,97.1,97.3
2020-08-01,97.0,99.2,96.4,97.5
2020-09-01,98.9,99.7,98.8,99.3
2020-12-01,99.9,99.9,98.9,99.3
2020-01-13,99.3,100.2,98.9,99.0
2020-01-14,99.3,99.3,98.6,98.9
2020-01-15,99.0,99.2,98.0,98.0
2020-01-16,98.1,98.9,98.1,98.5
2020-01-19,98.5,99.2,98.3,98.4
2020-01-20,98.5,99.0,98.1,98.5
2020-01-21,98.5,98.7,98.2,98.2
2020-01-22,98.4,98.6,97.8,97.8
2020-01-23,96.9,96.9,92.9,93.2
2020-01-26,93.2,93.5,92.6,92.6
2020-01-27,92.6,93.0,91.4,91.5
2020-01-28,91.5,92.1,90.5,90.9
2020-01-29,92.3,92.7,89.6,89.9
2020-01-30,90.0,91.3,89.4,91.3
2020-02-02,90.5,91.3,90.1,90.8
2020-03-02,90.9,91.4,89.1,89.1
2020-04-02,89.6,89.9,88.5,89.2
2020-05-02,89.5,89.6,87.9,88.2
2020-06-02,88.6,88.8,87.2,87.5
2020-09-02,88.0,88.0,86.3,86.8
2020-10-02,86.8,87.9,86.2,87.0
2020-11-02,87.3,87.7,86.2,86.2
2020-12-02,86.3,86.5,85.5,86.0
2020-02-13,86.0,87.0,84.8,85.6
2020-02-16,85.7,87.5,85.7,87.0
2020-02-17,87.3,87.9,86.8,86.8
2020-02-18,86.9,87.4,85.9,87.0
2020-02-19,86.2,87.5,86.1,87.5
2020-02-20,87.7,89.3,87.5,88.8
2020-02-23,88.5,88.5,87.0,87.0
2020-02-24,86.7,86.8,84.1,84.1
2020-02-25,84.1,84.5,83.1,83.3
2020-02-26,82.9,83.2,81.8,82.5
2020-02-27,82.3,83.0,81.3,82.6
2020-01-03,81.3,82.0,80.4,80.9
2020-02-03,82.3,83.7,81.2,81.2
2020-03-03,83.0,84.2,82.8,84.1
2020-04-03,83.5,85.2,82.9,84.1
2020-05-03,85.5,85.5,83.9,84.3
2020-08-03,80.0,82.2,79.8,80.3
2020-09-03,72.3,78.3,72.3,75.9
2020-10-03,82.9,82.9,78.1,81.6
2020-11-03,85.0,85.0,77.0,79.1
2020-12-03,75.7,80.9,75.0,79.7
2020-03-15,79.8,81.9,78.5,80.9
2020-03-16,80.0,83.5,79.0,79.9
2020-03-17,80.1,82.3,80.1,81.3
2020-03-18,80.3,82.4,80.3,82.3
2020-03-19,81.5,84.1,81.1,83.5
2020-03-22,83.1,83.4,81.7,82.4
2020-03-23,82.3,82.3,80.6,81.0
2020-03-24,82.0,83.9,82.0,82.7
2020-03-25,83.9,84.9,82.5,82.7
2020-03-26,83.9,84.0,82.5,82.8
2020-03-29,82.8,83.9,82.7,83.1
2020-03-30,84.0,84.0,82.7,83.1
2020-03-31,83.8,88.1,83.8,87.5
2020-01-04,88.2,90.4,87.7,90.0
2020-02-04,90.0,90.5,88.8,89.7
2020-05-04,90.1,90.7,88.8,89.9
2020-06-04,89.9,89.9,88.8,89.5
2020-07-04,89.6,92.6,89.6,92.0
2020-08-04,92.0,92.0,90.7,92.0
2020-09-04,92.0,93.2,91.8,92.7
2020-12-04,93.0,93.4,92.0,92.7
2020-04-13,92.8,93.0,90.1,91.0
2020-04-14,91.9,94.3,91.1,93.5
2020-04-15,94.5,94.5,93.0,93.0
2020-04-16,92.5,93.1,90.0,90.0
2020-04-19,91.0,92.8,90.6,91.3
2020-04-20,91.3,91.4,89.6,90.6
2020-04-21,89.6,90.6,88.9,89.5
2020-04-22,90.0,90.5,89.4,89.5
2020-04-23,89.8,90.3,89.7,89.7
2020-04-26,90.3,90.8,90.1,90.5
2020-04-27,90.5,90.7,90.0,90.0
2020-04-28,90.0,90.4,89.8,90.0
2020-04-29,89.6,90.4,89.5,90.1
2020-04-30,90.0,90.7,90.0,90.6
2020-03-05,88.1,88.7,86.3,88.2
2020-04-05,88.0,88.6,87.8,88.4
2020-05-05,88.7,89.8,88.7,88.9
2020-06-05,89.9,90.0,88.2,88.2
2020-07-05,89.0,89.5,88.2,88.4
2020-10-05,88.7,89.4,88.7,88.9
2020-11-05,88.0,90.0,87.2,89.7
2020-12-05,89.8,92.5,89.7,91.2
2020-05-13,92.5,95.0,92.0,93.8
2020-05-14,93.8,94.5,92.5,94.4
2020-05-17,94.1,96.0,94.1,95.9
2020-05-18,96.0,100.0,95.9,97.8
2020-05-19,97.9,99.6,97.9,99.4
2020-05-20,99.4,100.2,99.2,100.0
2020-05-21,100.0,100.0,98.9,100.0
2020-05-31,101.0,103.0,99.1,99.5
2020-01-06,102.8,103.0,99.3,100.0
2020-02-06,100.0,100.0,99.3,99.7
2020-03-06,100.0,100.0,98.9,99.5
2020-04-06,99.0,99.9,98.5,99.9
2020-07-06,100.0,100.0,99.0,99.5
2020-08-06,99.5,99.6,99.1,99.3
2020-09-06,99.5,99.6,98.8,99.2
2020-10-06,99.1,99.5,98.9,99.5
2020-11-06,99.4,99.4,98.4,99.2
2020-06-14,98.7,98.8,98.3,98.5
2020-06-15,98.5,99.0,98.0,99.0
2020-06-16,99.0,99.8,98.2,98.2
2020-06-17,98.6,99.0,98.5,99.0
2020-06-18,99.1,99.1,98.8,99.0
2020-06-21,99.0,99.4,98.5,99.3
2020-06-22,99.3,99.3,98.2,98.7
2020-06-23,98.9,99.0,98.1,98.7
2020-06-24,98.7,99.0,98.4,99.0
2020-06-25,98.4,98.9,98.4,98.9
2020-06-28,98.3,98.8,98.3,98.6
2020-06-29,98.3,99.3,98.3,98.8
2020-06-30,98.8,99.0,98.3,99.0
2020-01-07,98.5,98.9,98.4,98.4
2020-02-07,98.9,98.9,98.4,98.5
2020-05-07,98.9,99.3,98.6,99.0
2020-06-07,99.1,99.4,98.7,98.7
2020-07-07,99.2,99.2,98.7,98.7
2020-08-07,98.5,98.8,98.0,98.0
2020-09-07,98.1,98.5,98.0,98.0
2020-12-07,98.1,98.2,97.2,97.5
2020-07-13,97.7,97.7,97.0,97.0
2020-07-14,97.1,97.2,96.1,96.9
2020-07-15,96.9,97.0,96.5,96.7
2020-07-16,96.8,96.9,96.0,96.0
2020-07-19,96.5,96.7,95.8,95.9
2020-07-20,95.9,96.0,94.0,96.0
2020-07-21,96.0,97.8,96.0,97.0
2020-07-22,97.2,99.2,97.1,99.2
2020-07-23,98.0,98.0,96.6,97.1
2020-07-26,97.1,97.6,96.8,97.1
2020-07-27,97.1,97.8,97.1,97.1
2020-07-28,97.3,97.5,97.0,97.2
2020-05-08,96.9,97.3,95.8,96.0
2020-06-08,96.4,97.0,95.9,97.0
2020-09-08,97.0,97.0,96.5,96.7
2020-10-08,96.7,96.8,96.0,96.0
2020-11-08,96.1,96.5,96.1,96.5
2020-12-08,96.5,97.0,96.4,96.7
2020-08-13,96.6,96.9,96.5,96.7
2020-08-16,96.9,97.2,96.4,96.4
2020-08-17,96.7,97.0,96.3,96.7
2020-08-18,96.7,96.8,96.3,96.8
2020-08-19,96.8,97.2,96.1,96.4
2020-08-20,96.8,96.8,96.4,96.6
2020-08-23,96.6,96.8,96.4,96.7
2020-08-24,96.5,97.1,96.3,96.7
2020-08-25,96.9,97.2,96.5,96.5
2020-08-26,96.6,96.8,96.2,96.5
2020-08-27,96.9,96.9,96.4,96.4
2020-08-30,96.3,96.7,96.3,96.6
2020-08-31,96.5,96.8,96.0,96.0
2020-01-09,96.6,96.6,95.5,95.5
2020-02-09,95.5,97.9,95.4,97.7
2020-03-09,98.0,98.5,97.2,97.7
2020-06-09,97.5,97.7,97.1,97.5
2020-07-09,97.5,97.7,97.2,97.3
2020-08-09,97.6,99.0,97.5,98.3
2020-09-09,97.8,98.4,97.5,98.2
2020-10-09,98.3,99.8,98.3,99.2
2020-09-13,99.5,99.5,98.9,99.1
2020-09-14,99.2,99.7,98.4,99.2
2020-09-15,99.2,102.6,99.0,102.0
2020-09-16,102.2,106.0,102.2,103.0
2020-09-17,103.0,104.0,101.8,102.0
2020-09-20,102.2,103.4,101.6,102.0
2020-09-21,102.4,104.0,100.6,100.6
2020-09-22,100.6,101.6,99.6,100.6
2020-09-24,100.8,101.0,99.8,100.0
2020-09-27,100.0,101.2,99.9,100.2
2020-09-28,100.4,103.0,100.4,102.0
2020-09-29,102.0,103.0,101.0,101.0
2020-09-30,101.0,101.6,100.2,100.4
2020-01-10,100.4,101.4,100.4,100.8
2020-04-10,100.6,101.0,100.0,100.4
2020-05-10,100.4,102.6,100.0,102.4
2020-06-10,102.0,104.0,101.2,104.0
2020-07-10,103.8,104.2,103.0,103.8
2020-08-10,103.6,105.2,103.2,104.0
2020-11-10,104.0,106.2,104.0,105.4
2020-12-10,105.4,106.4,104.8,106.4
2020-10-13,106.4,106.6,105.2,106.4
2020-10-14,106.4,106.4,105.6,105.6
2020-10-15,105.4,106.0,104.0,104.0
2020-10-18,104.4,105.2,103.4,103.4
2020-10-19,104.4,104.8,103.4,104.4
2020-10-20,104.0,104.2,103.0,103.4
2020-10-21,103.4,104.2,103.2,103.2
2020-10-22,103.8,106.0,103.2,106.0
2020-10-25,105.2,105.4,103.0,103.0
2020-10-26,102.6,104.4,100.4,103.0
2020-10-27,103.0,103.6,101.2,103.6
2020-10-28,103.6,103.8,102.2,102.6
2020-10-29,101.6,101.6,99.7,99.7
2020-01-11,99.5,100.4,99.4,100.2
2020-02-11,100.2,101.8,99.9,101.0
2020-03-11,101.6,101.8,100.8,100.8
2020-04-11,101.8,102.4,101.0,101.8
2020-05-11,101.4,102.4,101.0,102.4
2020-08-11,102.0,103.8,101.8,103.8
2020-09-11,103.8,105.8,103.8,105.8
2020-10-11,106.0,106.0,103.4,103.8
2020-11-11,104.8,107.0,104.0,106.2
2020-12-11,106.2,107.0,105.0,105.8
2020-11-15,106.0,108.8,105.8,106.6
2020-11-16,106.6,108.2,106.6,107.4
2020-11-17,107.8,108.6,106.6,107.4
2020-11-18,107.4,108.0,107.0,108.0
2020-11-19,107.6,107.6,107.0,107.2
2020-11-22,108.8,109.4,108.0,108.2
2020-11-23,108.4,108.4,107.0,107.8
2020-11-24,108.0,109.2,107.0,107.0
2020-11-25,107.4,108.6,107.4,108.0
2020-11-26,107.6,108.2,106.2,107.2
2020-11-29,107.4,107.6,106.8,107.4
2020-11-30,107.4,108.0,106.6,107.8
2020-01-12,107.0,108.0,107.0,107.6
2020-02-12,107.2,107.8,106.4,107.0
2020-03-12,107.0,107.2,106.6,106.8
2020-06-12,107.2,107.4,106.4,106.4
2020-07-12,106.2,106.8,105.4,106.8
2020-08-12,106.0,107.2,105.8,106.0
2020-09-12,106.0,106.4,105.8,106.0
2020-10-12,106.0,106.6,105.8,105.8
2020-12-13,106.4,106.4,105.0,106.0
2020-12-14,105.8,106.4,105.4,106.0
2020-12-15,105.4,106.0,105.4,105.8
2020-12-16,106.0,106.2,105.4,105.8
2020-12-17,105.4,107.0,105.4,106.4
2020-12-20,106.6,107.6,106.6,107.2
2020-12-21,106.4,106.8,104.8,106.6
2020-12-22,106.2,107.0,106.2,106.6
2020-12-23,106.6,106.8,106.0,106.0
2020-12-24,106.8,106.8,105.4,105.4
2020-12-27,105.4,106.0,105.4,106.0
2020-12-28,106.0,106.0,104.8,105.0
2020-12-29,105.8,106.0,105.4,106.0
2020-12-30,106.0,106.8,106.0,106.8
2020-12-31,106.8,107.0,106.0,106.0
2021-03-01,106.0,106.4,105.0,106.0
2021-04-01,106.2,107.2,105.4,107.2
2021-05-01,107.4,107.6,106.4,107.2
2021-06-01,107.4,107.4,106.4,107.0
2021-07-01,107.0,108.8,106.6,108.8
2021-10-01,109.0,109.8,108.2,109.6
2021-11-01,109.8,111.0,109.2,111.0
2021-12-01,110.2,111.0,110.2,111.0
2021-01-13,111.0,111.0,109.4,110.0
2021-01-14,110.0,110.4,109.2,110.0
2021-01-17,110.4,110.8,109.6,110.2
2021-01-18,110.0,117.0,110.0,116.2
2021-01-19,115.2,116.6,113.2,113.2
2021-01-20,113.6,113.6,111.6,111.6
2021-01-21,111.8,112.4,111.2,111.4
2021-01-24,112.8,112.8,110.0,110.2
2021-01-25,110.4,113.4,110.4,111.6
2021-01-26,111.2,112.8,111.0,111.6
2021-01-27,112.6,112.8,111.8,111.8
2021-01-28,111.8,113.2,111.8,113.2
2021-01-31,111.8,112.8,111.2,112.8
2021-01-02,112.8,113.2,111.0,111.0
2021-02-02,111.2,112.2,111.2,111.6
2021-03-02,111.4,111.6,110.4,110.8
2021-04-02,110.2,112.8,110.0,112.8
2021-07-02,112.0,113.2,112.0,113.0
2021-08-02,113.0,113.2,112.2,112.2
2021-09-02,112.2,115.0,112.2,114.4
2021-10-02,113.8,115.0,113.6,114.8
2021-11-02,114.4,115.6,114.4,115.6
2021-02-14,115.6,118.0,115.6,117.4
2021-02-15,117.0,120.0,117.0,120.0
2021-02-16,120.0,120.0,118.0,119.8
2021-02-17,119.8,119.8,117.2,117.2
2021-02-18,117.0,118.6,115.4,115.4
2021-02-21,117.0,117.0,115.6,116.2
2021-02-22,116.4,117.6,115.2,115.2
2021-02-23,115.6,120.0,115.6,117.2
2021-02-24,117.2,119.2,115.0,115.0
2021-02-25,116.6,118.8,116.6,118.8
2021-02-28,118.4,118.4,116.6,117.4
2021-01-03,117.4,117.6,115.6,115.6
2021-02-03,116.8,117.6,116.8,117.4
2021-03-03,117.2,118.4,116.8,117.8
2021-04-03,117.2,117.4,114.6,114.6
2021-07-03,115.8,116.4,115.4,115.6
2021-08-03,116.4,117.6,115.6,115.6
2021-09-03,116.0,116.6,115.6,116.6
2021-10-03,115.4,117.6,115.4,117.6
2021-11-03,118.0,118.8,117.6,118.6
2021-03-14,118.0,118.8,117.6,118.2
2021-03-15,118.2,118.8,116.8,118.8
2021-03-16,118.2,119.4,118.0,119.0
2021-03-17,118.8,118.8,115.6,116.0
2021-03-18,116.0,116.2,114.6,114.6
2021-03-21,114.0,115.2,113.8,114.4
2021-03-22,114.4,116.6,114.2,116.6
2021-03-23,116.6,116.8,115.6,116.0
2021-03-24,115.0,116.6,115.0,116.6
2021-03-25,115.8,117.0,115.4,115.4
2021-03-28,118.0,118.2,117.0,118.0
2021-03-29,118.0,120.0,117.6,120.0
2021-03-30,120.0,121.4,119.0,120.8
2021-03-31,123.0,127.4,122.2,126.8
2021-01-04,126.8,127.0,124.0,124.6
2021-04-04,124.6,127.6,124.4,127.2
2021-05-04,127.2,127.2,125.4,125.8
2021-06-04,126.2,126.8,125.0,125.0
2021-07-04,125.4,125.8,124.0,124.8
2021-08-04,124.8,126.0,124.4,125.0
2021-11-04,124.4,124.4,122.0,123.0
2021-12-04,123.0,123.2,121.4,121.8
2021-04-13,122.6,122.6,119.8,119.8
2021-04-14,119.8,121.4,119.0,120.8
2021-04-15,120.4,121.2,119.6,120.8
2021-04-18,121.2,123.0,121.2,122.8
2021-04-19,122.8,124.2,121.6,124.0
2021-04-20,124.2,125.0,123.6,124.0
2021-04-21,123.8,125.0,123.8,124.2
2021-04-22,124.2,125.4,124.2,125.4
2021-04-25,125.2,126.8,125.2,126.6
2021-04-26,126.6,127.0,124.0,127.0
2021-04-27,126.0,126.4,125.4,126.2
2021-04-28,127.0,129.0,126.8,127.6
2021-04-29,127.4,127.8,125.6,127.0
2021-02-05,127.0,127.2,124.8,125.8
2021-03-05,126.8,126.8,124.4,124.4
2021-04-05,124.6,125.2,123.2,124.4
2021-05-05,124.2,124.2,123.0,123.0
2021-06-05,123.0,123.0,120.8,120.8
2021-09-05,121.0,122.4,120.8,121.0
2021-10-05,121.0,123.4,121.0,121.4
2021-05-17,123.0,123.2,121.2,121.2
2021-05-18,122.6,122.8,121.0,121.0
2021-05-19,121.2,121.6,120.2,120.6
2021-05-20,121.2,121.4,119.6,121.2
2021-05-23,121.0,121.2,120.0,121.0
2021-05-24,121.0,122.0,120.4,120.4
2021-05-25,120.6,122.0,120.6,122.0
2021-05-26,122.4,124.0,121.6,122.6
2021-05-27,123.0,124.0,122.6,122.8
2021-05-30,123.0,125.2,122.6,124.6
2021-05-31,124.6,125.8,123.6,124.6
2021-01-06,125.6,129.8,124.8,128.8
2021-02-06,129.0,129.2,127.0,129.2
2021-03-06,129.4,135.0,128.8,134.8
2021-06-06,134.8,139.8,133.0,133.0
2021-07-06,134.0,135.4,131.6,132.0
2021-08-06,132.0,135.2,132.0,134.6
2021-09-06,135.4,136.0,133.4,135.0
2021-10-06,134.0,135.2,133.6,134.4
2021-06-13,135.0,139.2,134.8,139.2
2021-06-14,139.4,139.6,137.0,137.0
2021-06-15,136.6,136.6,130.2,133.8
2021-06-16,133.8,135.0,132.0,132.2
2021-06-17,132.2,132.6,130.2,130.4
2021-06-20,130.6,134.2,130.6,132.4
2021-06-21,131.4,134.6,131.2,133.6
2021-06-22,133.6,134.8,132.6,132.8
2021-06-23,135.4,135.8,130.0,130.4
2021-06-24,131.6,132.6,130.6,131.0
2021-06-27,131.0,132.0,130.0,130.2
2021-06-28,130.4,130.6,129.2,130.0
2021-06-29,130.6,131.8,130.0,131.8
2021-06-30,132.0,132.0,130.4,131.6
2021-01-07,131.2,131.6,130.8,131.2
2021-04-07,131.8,131.8,130.6,131.6
2021-05-07,131.6,131.6,128.4,129.2
2021-06-07,129.2,129.8,128.0,128.0
2021-07-07,127.8,129.6,127.6,128.8
2021-08-07,128.8,129.4,127.6,128.8
2021-11-07,128.6,129.0,126.4,126.8
2021-12-07,126.6,129.4,126.6,127.8
2021-07-13,127.8,130.0,127.6,129.0
2021-07-14,128.4,130.0,127.2,127.2
2021-07-15,127.2,128.2,126.2,126.2
2021-07-25,127.0,128.4,126.2,126.2
2021-07-26,127.0,127.6,126.6,127.0
2021-07-27,127.0,129.4,127.0,129.4
2021-07-28,129.4,129.6,128.6,129.6
2021-07-29,129.2,134.4,129.0,134.0
2021-01-08,134.0,137.6,132.6,135.6
2021-02-08,135.6,136.6,135.0,136.6
2021-03-08,136.6,136.8,134.4,136.4
2021-04-08,136.4,136.6,135.2,136.6
2021-05-08,135.8,137.8,135.4,137.8
2021-08-08,136.2,137.0,135.6,135.8
2021-09-08,136.0,137.0,135.4,137.0
2021-10-08,136.8,137.2,136.2,137.2
2021-11-08,137.0,137.0,136.2,136.2
2021-12-08,136.4,136.8,135.2,136.2
2021-08-15,136.2,136.2,135.4,135.4
2021-08-16,135.2,136.6,135.2,135.4
2021-08-17,135.4,138.6,135.2,138.0
2021-08-18,137.8,137.8,135.0,135.0
2021-08-19,134.8,135.0,131.0,131.2
2021-08-22,131.2,133.2,131.0,131.8
2021-08-23,131.8,132.8,128.6,128.6
2021-08-24,130.0,131.2,129.4,130.6
2021-08-25,131.4,132.0,128.8,130.6
2021-08-26,131.6,131.6,129.0,130.0
2021-08-29,129.6,130.0,128.8,128.8
2021-08-30,129.8,131.2,129.4,131.2
2021-08-31,131.6,135.0,131.0,135.0
2021-01-09,135.0,135.0,133.4,133.8
2021-02-09,133.2,133.8,131.6,132.4
2021-05-09,132.4,135.0,131.8,134.6
2021-06-09,134.4,136.0,134.2,136.0
2021-07-09,136.0,136.6,134.4,134.4
2021-08-09,135.0,135.0,133.8,134.8
2021-09-09,134.8,135.6,133.4,135.4
2021-12-09,135.8,135.8,133.4,133.4
2021-09-13,134.0,135.0,132.6,135.0
2021-09-14,135.0,135.0,133.8,134.4
2021-09-15,134.8,134.8,133.2,134.0
2021-09-16,134.0,134.2,132.4,132.6
2021-09-19,133.0,133.6,130.6,131.6
2021-09-20,132.0,132.0,130.6,131.8
2021-09-21,131.8,131.8,130.4,131.0
2021-09-22,131.6,131.6,130.4,130.6
2021-09-26,130.6,131.2,128.2,129.0
2021-09-27,129.0,129.2,126.6,126.6
2021-09-28,127.0,127.8,124.4,124.6
2021-09-29,125.0,126.0,121.2,123.8
2021-09-30,124.2,127.0,123.2,127.0
2021-03-10,126.0,126.0,122.4,122.8
2021-04-10,122.8,122.8,118.8,120.0
2021-05-10,120.0,120.0,117.2,117.4
2021-06-10,117.4,121.4,117.2,120.2
2021-07-10,121.0,122.4,119.4,121.2
2021-10-10,121.8,122.0,119.6,119.6
2021-11-10,120.0,120.4,116.8,119.0
2021-12-10,119.2,119.4,117.4,118.0
2021-10-13,118.0,118.4,117.0,117.6
2021-10-14,117.8,118.0,116.6,117.6
2021-10-17,117.8,118.6,117.2,117.6
2021-10-18,118.0,118.8,117.6,117.6
2021-10-19,118.4,118.4,117.2,117.4
2021-10-20,117.8,118.6,117.4,118.6
2021-10-21,118.6,119.4,118.0,118.2
2021-10-24,118.4,120.6,118.4,119.4
2021-10-25,119.8,120.2,119.0,119.2
2021-10-26,119.0,119.8,117.2,117.2
2021-10-27,117.8,117.8,117.0,117.0
2021-10-28,117.0,117.2,115.6,117.0
2021-10-31,116.6,116.6,115.0,115.2
2021-01-11,115.2,115.8,114.2,115.0
2021-02-11,115.2,116.2,115.0,116.2
2021-03-11,116.2,116.2,114.2,114.8
2021-04-11,114.8,116.4,114.8,116.0
2021-07-11,116.6,117.2,115.6,116.4
2021-08-11,116.6,117.0,115.0,116.0
2021-09-11,115.0,115.4,114.4,115.0
2021-10-11,115.4,115.4,114.2,115.0
2021-11-11,115.0,115.4,114.2,115.2
2021-11-14,115.8,116.8,115.4,116.0
2021-11-15,115.8,116.2,115.4,115.4
2021-11-16,115.4,116.0,115.0,116.0
2021-11-17,116.0,116.2,115.2,116.0
2021-11-18,115.8,116.0,114.8,115.2
2021-11-21,115.0,115.0,113.2,113.6
2021-11-22,113.6,114.0,112.2,113.8
2021-11-23,113.2,113.8,112.0,113.2
2021-11-24,113.8,114.6,113.0,114.0
2021-11-25,114.0,115.0,113.0,113.0
2021-11-28,110.0,111.8,110.0,111.6
2021-11-29,111.6,113.0,111.0,111.0
2021-11-30,111.0,112.0,110.0,111.0
